#ID_SENT-ID_TOKEN	#CHAR_OFFSET	#TOKEN	#MET_A|MFlag	#MET_A|Rolle	#MET_B|basic	#MET_B|c_mark	#MET_B2|b_Lex	#MET_D|a_Par	#SATELLITES	#POS	#MORPH	#LEMMA	#METAPHORICAL_FUNC_WORD	#METAPHORICAL_FUNC_VERB_PHRASE	
1-1	0-6	Anrede	_	_	_	_	_	_	_	NE	Nom.Sg.Fem	Anrede	_	_
1-2	7-8	,	_	_	_	_	_	_	_	$,	_	,	_	_
1-3	9-11	Dr	_	_	_	_	_	_	_	XY	_	Dr	_	_
1-4	12-13	.	_	_	_	_	_	_	_	$.	_	.	_	_
1-5	14-21	Michael	_	_	_	_	_	_	_	NE	Nom.Sg.Masc	Michael	_	_
1-6	22-29	Naumann	_	_	_	_	_	_	_	NE	Nom.Sg.Masc	Naumann	_	_
1-7	30-31	,	_	_	_	_	_	_	_	$,	_	,	_	_
1-8	32-46	Staatsminister	_	_	_	_	_	_	_	NN	Nom.Sg.Masc	Staatsminister	_	_
1-9	47-51	beim	_	_	_	_	_	_	_	APPRART	Dat.Sg.Masc	bei	false	_
1-10	52-65	Bundeskanzler	_	_	_	_	_	_	_	NN	Dat.Sg.Masc	Bundeskanzler	_	_
1-11	66-67	:	_	_	_	_	_	_	_	$.	_	:	_	_
1-12	68-71	Ich	_	_	_	_	_	_	_	PPER	1.Nom.Sg.*	ich	_	_
1-13	72-77	hoffe	_	_	_	_	_	_	_	VVFIN	1.Sg.Pres.Ind	hoffen	_	_
1-14	78-79	,	_	_	_	_	_	_	_	$,	_	,	_	_
1-15	80-82	es	_	_	_	_	_	_	_	PPER	3.Nom.Sg.Neut	es	_	_
1-16	83-86	ist	_	_	_	_	_	_	_	VAFIN	3.Sg.Pres.Ind	sein	_	_
1-17	87-94	möglich	_	_	_	_	_	_	_	ADJD	Pos	möglich	_	_
1-18	95-96	,	_	_	_	_	_	_	_	$,	_	,	_	_
1-19	97-106	präventiv	_	_	_	_	_	_	_	ADJD	Pos	präventiv	_	_
1-20	107-112	allen	_	_	_	_	_	_	_	PIAT	Dat.Pl.Masc	aller	_	_
1-21	113-126	Zwischenrufen	_	_	_	_	_	_	_	NN	Dat.Pl.Masc	Zwischenruf	_	_
1-22	127-130	der	_	_	_	_	_	_	_	ART	Gen.Sg.Fem	der	false	_
1-23	131-141	Opposition	_	_	_	_	_	_	_	NN	Gen.Sg.Fem	Opposition	_	_
1-24	142-145	mit	_	_	_	_	_	_	_	APPR	_	mit	false	_
1-25	146-151	einem	_	_	_	_	_	_	_	ART	Dat.Sg.Masc	ein	false	_
1-26	152-160	einzigen	_	_	_	_	_	_	_	ADJA	Pos.Dat.Sg.Masc	einzig	_	_
1-27	161-165	Satz	_	_	_	_	_	_	_	NN	Dat.Sg.Masc	Satz	_	_
1-28	166-168	zu	_	_	_	_	_	_	_	PTKZU	_	zu	false	_
1-29	169-177	begegnen	_	_	_	_	_	_	_	VVINF	Inf	begegnen	_	_
1-30	178-179	:	_	_	_	_	_	_	_	$.	_	:	_	_
1-31	180-183	Sie	_	_	_	_	_	_	_	PPER	3.Nom.Pl.Masc	sie	_	_
1-32	184-190	hatten	_	_	_	_	_	_	_	VAFIN	3.Pl.Past.Ind	haben	_	false
1-33	191-193	16	_	_	_	_	_	_	_	CARD	_	16	_	_
1-34	194-199	Jahre	_	_	_	_	_	_	_	NN	Acc.Pl.Neut	Jahr	_	_
1-35	200-204	lang	_	_	_	_	_	_	_	ADJD	Pos	lang	_	_
1-36	205-209	Zeit	_	_	_	_	_	_	_	NN	Acc.Sg.Fem	Zeit	_	_
1-37	210-211	.	_	_	_	_	_	_	_	$.	_	.	_	_

2-1	214-217	Das	_	_	_	_	_	_	_	PDS	Acc.Sg.Neut	der	_	_
2-2	218-223	haben	_	_	_	_	_	_	_	VAFIN	3.Pl.Pres.Ind	haben	_	false
2-3	224-227	Sie	_	_	_	_	_	_	_	PPER	3.Nom.Pl.*	sie	_	_
2-4	228-231	oft	_	_	_	_	_	_	_	ADV	_	oft	_	_
2-5	232-237	genug	_	_	_	_	_	_	_	ADV	_	genug	_	_
2-6	238-244	gehört	_	_	_	_	_	_	_	VVPP	Psp	hören	_	_
2-7	245-246	.	_	_	_	_	_	_	_	$.	_	.	_	_

3-1	249-253	Aber	_	_	_	_	_	_	_	KON	_	aber	false	_
3-2	254-260	gerade	_	_	_	_	_	_	_	ADV	_	gerade	_	_
3-3	261-263	in	_	_	_	_	_	_	_	APPR	_	in	false	_
3-4	264-270	diesem	_	_	_	_	_	_	_	PDAT	Dat.Sg.Masc	dieser	_	_
3-5	271-275	Fall	_	_	_	_	_	_	_	NN	Dat.Sg.Masc	Fall	_	_
3-6	276-279	ist	_	_	_	_	_	_	_	VAFIN	3.Sg.Pres.Ind	sein	_	_
3-7	280-283	für	_	_	_	_	_	_	_	APPR	_	für	false	_
3-8	284-288	mich	_	_	_	_	_	_	_	PPER	1.Acc.Sg.*	mich	_	_
3-9	289-292	die	_	_	_	_	_	_	_	ART	Nom.Sg.Fem	der	false	_
3-10	293-309	außerordentliche	_	_	_	_	_	_	_	ADJA	Pos.Nom.Sg.Fem	außerordentlich	_	_
3-11	310-322	Überraschung	_	_	_	_	_	_	_	NN	Nom.Sg.Fem	Überraschung	_	_
3-12	323-330	gegeben	_	_	_	_	_	_	_	VVPP	Psp	geben	_	false
3-13	331-332	,	_	_	_	_	_	_	_	$,	_	,	_	_
3-14	333-337	dass	_	_	_	_	_	_	_	KOUS	_	dass	false	_
3-15	338-341	Sie	_	_	_	_	_	_	_	PPER	3.Nom.Sg.Fem	sie	_	_
3-16	342-347	einem	_	_	_	_	_	_	_	ART	Dat.Sg.Neut	ein	false	_
3-17	348-356	zutiefst	_	_	_	_	_	_	_	ADV	_	zutiefst	_	_
3-18	357-369	bürgerlichen	_	_	_	_	_	_	_	ADJA	Pos.Dat.Sg.Neut	bürgerlich	_	_
3-19	370-378	Anliegen	_	_	_	_	_	_	_	NN	Dat.Sg.Neut	Anliegen	_	_
3-20	379-380	,	_	_	_	_	_	_	_	$,	_	,	_	_
3-21	381-388	nämlich	_	_	_	_	_	_	_	ADV	_	nämlich	_	_
3-22	389-392	der	_	_	_	_	_	_	_	ART	Gen.Sg.Fem	der	false	_
3-23	393-404	Einrichtung	_	_	_	_	_	_	_	NN	Gen.Sg.Fem	Einrichtung	_	_
3-24	405-410	einer	_	_	_	_	_	_	_	ART	Gen.Sg.Fem	ein	false	_
3-25	411-435	bürgergesellschaftlichen	_	_	_	_	_	_	_	ADJA	Pos.Gen.Sg.Fem	bürgergesellschaftlich	_	_
3-26	436-446	Initiative	_	_	_	_	_	_	_	NN	Gen.Sg.Fem	Initiative	_	_
3-27	447-448	,	_	_	_	_	_	_	_	$,	_	,	_	_
3-28	449-452	die	_	_	_	_	_	_	_	PRELS	Nom.Sg.Fem	der	_	_
3-29	453-456	vom	_	_	_	_	_	_	_	APPRART	Dat.Sg.Masc	von	false	_
3-30	457-462	Staat	_	_	_	_	_	_	_	NN	Dat.Sg.Masc	Staat	_	_
3-31	463-474	unterstützt	_	_	_	_	_	_	_	VVPP	Psp	unterstützen	_	_
3-32	475-479	wird	_	_	_	_	_	_	_	VAFIN	3.Sg.Pres.Ind	werden	_	_
3-33	480-481	,	_	_	_	_	_	_	_	$,	_	,	_	_
3-34	482-485	und	_	_	_	_	_	_	_	KON	_	und	false	_
3-35	486-489	der	_	_	_	_	_	_	_	ART	Dat.Sg.Fem	der	false	_
3-36	490-502	Verbesserung	_	_	_	_	_	_	_	NN	Dat.Sg.Fem	Verbesserung	_	_
3-37	503-506	der	_	_	_	_	_	_	_	ART	Gen.Sg.Fem	der	false	_
3-38	507-516	Situation	_	_	_	_	_	_	_	NN	Gen.Sg.Fem	Situation	_	_
3-39	517-520	der	_	_	_	_	_	_	_	ART	Gen.Pl.Fem	der	false	_
3-40	521-531	Stiftungen	_	_	_	_	_	_	_	NN	Gen.Pl.Fem	Stiftung	_	_
3-41	532-533	,	_	_	_	_	_	_	_	$,	_	,	_	_
3-42	534-537	die	_	_	_	_	_	_	_	PRELS	Nom.Pl.Fem	der	_	_
3-43	538-541	für	_	_	_	_	_	_	_	APPR	_	für	false	_
3-44	542-545	den	_	_	_	_	_	_	_	ART	Acc.Sg.Masc	der	false	_
3-45	546-557	kulturellen	_	_	_	_	_	_	_	ADJA	Pos.Acc.Sg.Masc	kulturell	_	_
3-46	558-565	Bereich	_	_	_	_	_	_	_	NN	Acc.Sg.Masc	Bereich	_	_
3-47	566-573	unseres	_	_	_	_	_	_	_	PPOSAT	Gen.Sg.Neut	unser	_	_
3-48	574-580	Landes	_	_	_	_	_	_	_	NN	Gen.Sg.Neut	Land	_	_
3-49	581-590	zuständig	_	_	_	_	_	_	_	ADJD	Pos	zuständig	_	_
3-50	591-595	sind	_	_	_	_	_	_	_	VAFIN	3.Pl.Pres.Ind	sein	_	_
3-51	596-599	und	_	_	_	_	_	_	_	KON	_	und	false	_
3-52	600-604	sich	_	_	_	_	_	_	_	PRF	3.Acc.Pl	sich	_	_
3-53	605-619	verantwortlich	_	_	_	_	_	_	_	ADJD	Pos	verantwortlich	_	_
3-54	620-626	fühlen	_	_	_	_	_	_	_	VVFIN	3.Pl.Pres.Ind	fühlen	_	_
3-55	627-628	,	_	_	_	_	_	_	_	$,	_	,	_	_
3-56	629-641	buchstäblich	_	_	_	_	_	_	_	ADJD	Pos	buchstäblich	_	_
3-57	642-647	keine	_	_	_	_	_	_	_	PIAT	Acc.Sg.Fem	kein	_	_
3-58	648-655	Bresche	false	2sem	_	_	_	_	_	NN	Acc.Sg.Fem	Bresche	_	_
3-59	656-658	in	_	_	_	_	_	_	_	APPR	_	in	false	_
3-60	659-662	das	_	_	_	_	_	_	_	ART	Acc.Sg.Neut	der	false	_
3-61	663-671	Geflecht	false	0Kern	true	true	Verflochtenes, dichtes Netz von Linien, Strängen o. Ä.	*	3-58|3-64|3-63	NN	Acc.Sg.Neut	Geflecht	_	_
3-62	672-679	unserer	_	_	_	_	_	_	_	PPOSAT	Gen.Sg.Fem	unser	_	_
3-63	680-698	Steuergesetzgebung	false	5clash	_	_	_	_	_	NN	Gen.Sg.Fem	Steuergesetzgebung	_	_
3-64	699-709	geschlagen	false	2sem	_	_	_	_	_	VVPP	Psp	schlagen	_	_
3-65	710-715	haben	_	_	_	_	_	_	_	VAFIN	3.Pl.Pres.Ind	haben	_	false
3-66	716-717	.	_	_	_	_	_	_	_	$.	_	.	_	_

4-1	720-723	Für	_	_	_	_	_	_	_	APPR	_	für	false	_
4-2	724-728	mich	_	_	_	_	_	_	_	PPER	1.Acc.Sg.*	mich	_	_
4-3	729-732	ist	_	_	_	_	_	_	_	VAFIN	3.Sg.Pres.Ind	sein	_	_
4-4	733-736	der	_	_	_	_	_	_	_	ART	Nom.Sg.Masc	der	false	_
4-5	737-742	heute	_	_	_	_	_	_	_	ADV	_	heute	_	_
4-6	743-755	eingebrachte	_	_	_	_	_	_	_	ADJA	Pos.Nom.Sg.Masc	eingebracht	_	_
4-7	756-769	Gesetzentwurf	_	_	_	_	_	_	_	NN	Nom.Sg.Masc	Gesetzentwurf	_	_
4-8	770-773	der	_	_	_	_	_	_	_	ART	Gen.Pl.Fem	der	false	_
4-9	774-794	Koalitionsfraktionen	_	_	_	_	_	_	_	NN	Gen.Pl.Fem	Koalitionsfraktion	_	_
4-10	795-798	zur	_	_	_	_	_	_	_	APPRART	Dat.Sg.Fem	zu	false	_
4-11	799-805	Reform	_	_	_	_	_	_	_	NN	Dat.Sg.Fem	Reform	_	_
4-12	806-809	des	_	_	_	_	_	_	_	ART	Gen.Sg.Neut	der	false	_
4-13	810-825	Stiftungsrechts	_	_	_	_	_	_	_	NN	Gen.Sg.Neut	Stiftungsrecht	_	_
4-14	826-829	ein	_	_	_	_	_	_	_	ART	Nom.Sg.Masc	ein	false	_
4-15	830-844	entscheidender	_	_	_	_	_	_	_	ADJA	Pos.Nom.Sg.Masc	entscheidend	_	_
4-16	845-855	Durchbruch	false	0Kern	true	false	durchgebrochene Öffnung	_	_	NN	Nom.Sg.Masc	Durchbruch	_	_
4-17	856-857	.	_	_	_	_	_	_	_	$.	_	.	_	_

5-1	860-862	Es	_	_	_	_	_	_	_	PPER	3.Nom.Sg.Neut	es	_	_
5-2	863-866	ist	_	_	_	_	_	_	_	VAFIN	3.Sg.Pres.Ind	sein	_	_
5-3	867-877	sicherlich	_	_	_	_	_	_	_	ADV	_	sicherlich	_	_
5-4	878-885	richtig	_	_	_	_	_	_	_	ADJD	Pos	richtig	_	_
5-5	886-887	,	_	_	_	_	_	_	_	$,	_	,	_	_
5-6	888-892	dass	_	_	_	_	_	_	_	KOUS	_	dass	false	_
5-7	893-897	noch	_	_	_	_	_	_	_	ADV	_	noch	_	_
5-8	898-904	längst	_	_	_	_	_	_	_	ADV	_	längst	_	_
5-9	905-910	nicht	_	_	_	_	_	_	_	PTKNEG	_	nicht	_	_
5-10	911-916	alles	_	_	_	_	_	_	_	PIS	Nom.Sg.Neut	alle	_	_
5-11	917-922	getan	_	_	_	_	_	_	_	VVPP	Psp	tun	_	_
5-12	923-926	ist	_	_	_	_	_	_	_	VAFIN	3.Sg.Pres.Ind	sein	_	_
5-13	927-928	;	_	_	_	_	_	_	_	$.	_	;	_	_
5-14	929-931	es	_	_	_	_	_	_	_	PPER	3.Nom.Sg.Neut	es	_	_
5-15	932-936	kann	_	_	_	_	_	_	_	VMFIN	3.Sg.Pres.Ind	können	_	_
5-16	937-941	aber	_	_	_	_	_	_	_	ADV	_	aber	_	_
5-17	942-946	auch	_	_	_	_	_	_	_	ADV	_	auch	_	_
5-18	947-951	kein	_	_	_	_	_	_	_	PIAT	Nom.Sg.Masc	kein	_	_
5-19	952-959	Zweifel	_	_	_	_	_	_	_	NN	Nom.Sg.Masc	Zweifel	_	_
5-20	960-965	daran	_	_	_	_	_	_	_	PROAV	_	daran	_	_
5-21	966-974	bestehen	_	_	_	_	_	_	_	VVINF	Inf	bestehen	_	_
5-22	975-976	,	_	_	_	_	_	_	_	$,	_	,	_	_
5-23	977-981	dass	_	_	_	_	_	_	_	KOUS	_	dass	false	_
5-24	982-985	das	_	_	_	_	_	_	_	PDS	Nom.Sg.Neut	der	_	_
5-25	986-987	,	_	_	_	_	_	_	_	$,	_	,	_	_
5-26	988-991	was	_	_	_	_	_	_	_	PRELS	Acc.Sg.Neut	wer	_	_
5-27	992-995	wir	_	_	_	_	_	_	_	PPER	1.Nom.Pl.*	wir	_	_
5-28	996-1001	heute	_	_	_	_	_	_	_	ADV	_	heute	_	_
5-29	1002-1009	beraten	_	_	_	_	_	_	_	VVFIN	1.Pl.Pres.Ind	beraten	_	_
5-30	1010-1011	,	_	_	_	_	_	_	_	$,	_	,	_	_
5-31	1012-1016	seit	_	_	_	_	_	_	_	APPR	_	seit	false	_
5-32	1017-1023	vielen	_	_	_	_	_	_	_	PIAT	Dat.Pl.Neut	vieler	_	_
5-33	1024-1030	Jahren	_	_	_	_	_	_	_	NN	Dat.Pl.Neut	Jahr	_	_
5-34	1031-1034	den	_	_	_	_	_	_	_	ART	Dat.Pl.Fem	der	false	_
5-35	1035-1049	Aufforderungen	_	_	_	_	_	_	_	NN	Dat.Pl.Fem	Aufforderung	_	_
5-36	1050-1053	der	_	_	_	_	_	_	_	ART	Gen.Pl.Masc	der	false	_
5-37	1054-1062	Verbände	_	_	_	_	_	_	_	NN	Gen.Pl.Masc	Verband	_	_
5-38	1063-1066	und	_	_	_	_	_	_	_	KON	_	und	false	_
5-39	1067-1070	den	_	_	_	_	_	_	_	ART	Dat.Pl.Fem	der	false	_
5-40	1071-1081	Hoffnungen	_	_	_	_	_	_	_	NN	Dat.Pl.Fem	Hoffnung	_	_
5-41	1082-1085	der	_	_	_	_	_	_	_	ART	Gen.Pl.*	der	false	_
5-42	1086-1103	Kulturschaffenden	_	_	_	_	_	_	_	NN	Gen.Pl.*	kulturschaffend	_	_
5-43	1104-1106	in	_	_	_	_	_	_	_	APPR	_	in	false	_
5-44	1107-1114	unserem	_	_	_	_	_	_	_	PPOSAT	Dat.Sg.Neut	unser	_	_
5-45	1115-1119	Land	_	_	_	_	_	_	_	NN	Dat.Sg.Neut	Land	_	_
5-46	1120-1130	entspricht	_	_	_	_	_	_	_	VVFIN	3.Sg.Pres.Ind	entsprechen	_	_
5-47	1131-1132	.	_	_	_	_	_	_	_	$.	_	.	_	_

6-1	1135-1138	Wir	_	_	_	_	_	_	_	PPER	1.Nom.Pl.*	wir	_	_
6-2	1139-1147	beginnen	_	_	_	_	_	_	_	VVFIN	1.Pl.Pres.Ind	beginnen	_	_
6-3	1148-1152	eine	_	_	_	_	_	_	_	ART	Acc.Sg.Fem	ein	false	_
6-4	1153-1157	neue	_	_	_	_	_	_	_	ADJA	Pos.Acc.Sg.Fem	neu	_	_
6-5	1158-1176	Stiftungsoffensive	_	_	_	_	_	_	_	NN	Acc.Sg.Fem	Stiftungsoffensive	_	_
6-5.1	1158-1167	Stiftungs	false	2sem	_	_	_	_	_		_	_	_	_	_	_	_	_	_	_	_
6-5.2	1167-1176	offensive	false	0Kern	true	true	Angriff	*	_		_	_	_	_	_	_	_	_	_	_	_
6-6	1177-1178	,	_	_	_	_	_	_	_	$,	_	,	_	_
6-7	1179-1182	die	_	_	_	_	_	_	_	PRELS	Nom.Sg.Fem	der	_	_
6-8	1183-1187	mehr	_	_	_	_	_	_	_	PIAT	*.*.*	mehr	_	_
6-9	1188-1191	als	_	_	_	_	_	_	_	KOKOM	_	als	false	_
6-10	1192-1196	zwei	_	_	_	_	_	_	_	CARD	_	zwei	_	_
6-11	1197-1207	Jahrzehnte	_	_	_	_	_	_	_	NN	Acc.Pl.Neut	Jahrzehnt	_	_
6-12	1208-1212	lang	_	_	_	_	_	_	_	ADJD	Pos	lang	_	_
6-13	1213-1216	hat	_	_	_	_	_	_	_	VAFIN	3.Sg.Pres.Ind	haben	_	false
6-14	1217-1220	auf	_	_	_	_	_	_	_	APPR	_	auf	false	_
6-15	1221-1225	sich	_	_	_	_	_	_	_	PRF	3.Acc.Sg	sich	_	_
6-16	1226-1232	warten	_	_	_	_	_	_	_	VVINF	Inf	warten	_	_
6-17	1233-1239	lassen	_	_	_	_	_	_	_	VVINF	Inf	lassen	_	_
6-18	1240-1241	.	_	_	_	_	_	_	_	$.	_	.	_	_

7-1	1244-1248	Dass	_	_	_	_	_	_	_	PDS	Nom.Sg.Neut	der	_	_
7-2	1249-1253	dies	_	_	_	_	_	_	_	PDS	Nom.Sg.Neut	dieser	_	_
7-3	1254-1258	hier	_	_	_	_	_	_	_	ADV	_	hier	_	_
7-4	1259-1266	möglich	_	_	_	_	_	_	_	ADJD	Pos	möglich	_	_
7-5	1267-1268	,	_	_	_	_	_	_	_	$,	_	,	_	_
7-6	1269-1272	ist	_	_	_	_	_	_	_	VAFIN	3.Sg.Pres.Ind	sein	_	_
7-7	1273-1276	vor	_	_	_	_	_	_	_	APPR	_	vor	false	_
7-8	1277-1282	allem	_	_	_	_	_	_	_	PIS	Dat.Sg.Neut	alle	_	_
7-9	1283-1286	der	_	_	_	_	_	_	_	ART	Gen.Sg.Fem	der	false	_
7-10	1287-1297	Initiative	_	_	_	_	_	_	_	NN	Gen.Sg.Fem	Initiative	_	_
7-11	1298-1301	der	_	_	_	_	_	_	_	ART	Gen.Sg.Fem	der	false	_
7-12	1302-1317	Vizepräsidentin	_	_	_	_	_	_	_	NN	Gen.Sg.Fem	Vizepräsidentin	_	_
7-13	1318-1321	des	_	_	_	_	_	_	_	ART	Gen.Sg.Masc	der	false	_
7-14	1322-1331	Deutschen	_	_	_	_	_	_	_	ADJA	Pos.Gen.Sg.Masc	deutsch	_	_
7-15	1332-1343	Bundestages	_	_	_	_	_	_	_	NN	Gen.Sg.Masc	Bundestag	_	_
7-16	1344-1345	,	_	_	_	_	_	_	_	$,	_	,	_	_
7-17	1346-1351	Antje	_	_	_	_	_	_	_	NE	Nom.Sg.Fem	Antje	_	_
7-18	1352-1359	Vollmer	_	_	_	_	_	_	_	NE	Nom.Sg.Fem	Vollmer	_	_
7-19	1360-1361	,	_	_	_	_	_	_	_	$,	_	,	_	_
7-20	1362-1364	zu	_	_	_	_	_	_	_	PTKZU	_	zu	false	_
7-21	1365-1374	verdanken	_	_	_	_	_	_	_	VVINF	Inf	verdanken	_	_
7-22	1375-1376	.	_	_	_	_	_	_	_	$.	_	.	_	_

8-1	1379-1381	In	_	_	_	_	_	_	_	APPR	_	in	false	_
8-2	1382-1393	Kombination	_	_	_	_	_	_	_	NN	Dat.Sg.Fem	Kombination	_	_
8-3	1394-1397	mit	_	_	_	_	_	_	_	APPR	_	mit	false	_
8-4	1398-1404	dieser	_	_	_	_	_	_	_	PDAT	Dat.Sg.Fem	dieser	_	_
8-5	1405-1414	Koalition	_	_	_	_	_	_	_	NN	Dat.Sg.Fem	Koalition	_	_
8-6	1415-1416	,	_	_	_	_	_	_	_	$,	_	,	_	_
8-7	1417-1420	mit	_	_	_	_	_	_	_	APPR	_	mit	false	_
8-8	1421-1424	der	_	_	_	_	_	_	_	ART	Dat.Sg.Fem	der	false	_
8-9	1425-1445	Sozialdemokratischen	_	_	_	_	_	_	_	ADJA	Pos.Dat.Sg.Fem	sozialdemokratisch	_	_
8-10	1446-1452	Partei	_	_	_	_	_	_	_	NN	Dat.Sg.Fem	Partei	_	_
8-11	1453-1454	,	_	_	_	_	_	_	_	$,	_	,	_	_
8-12	1455-1458	die	_	_	_	_	_	_	_	PRELS	Nom.Sg.Fem	der	_	_
8-13	1459-1462	auf	_	_	_	_	_	_	_	APPR	_	auf	false	_
8-14	1463-1469	diesem	_	_	_	_	_	_	_	PDAT	Dat.Sg.Neut	dieser	_	_
8-15	1470-1474	Feld	_	_	_	_	_	_	_	NN	Dat.Sg.Neut	Feld	_	_
8-16	1475-1476	-	_	_	_	_	_	_	_	$(	_	-	_	_
8-17	1477-1480	das	_	_	_	_	_	_	_	PDS	Acc.Sg.Neut	der	_	_
8-18	1481-1485	muss	_	_	_	_	_	_	_	VMFIN	3.Sg.Pres.Ind	müssen	_	_
8-19	1486-1489	man	_	_	_	_	_	_	_	PIS	Nom.Sg.*	man	_	_
8-20	1490-1494	auch	_	_	_	_	_	_	_	ADV	_	auch	_	_
8-21	1495-1500	sagen	_	_	_	_	_	_	_	VVFIN	3.Pl.Pres.Ind	sagen	_	_
8-22	1501-1502	-	_	_	_	_	_	_	_	$(	_	-	_	_
8-23	1503-1506	vom	_	_	_	_	_	_	_	APPRART	Dat.Sg.Masc	von	false	_
8-24	1507-1519	Vorsitzenden	_	_	_	_	_	_	_	NN	Dat.Sg.Masc	vorsitzend	_	_
8-25	1520-1523	des	_	_	_	_	_	_	_	ART	Gen.Sg.Masc	der	false	_
8-26	1524-1541	Rechtsausschusses	_	_	_	_	_	_	_	NN	Gen.Sg.Masc	Rechtsausschuß	_	_
8-27	1542-1553	erstklassig	_	_	_	_	_	_	_	ADJD	Pos	erstklassig	_	_
8-28	1554-1561	beraten	_	_	_	_	_	_	_	VVPP	Psp	beraten	_	_
8-29	1562-1567	wurde	_	_	_	_	_	_	_	VAFIN	3.Sg.Past.Ind	werden	_	_
8-30	1568-1569	,	_	_	_	_	_	_	_	$,	_	,	_	_
8-31	1570-1573	der	_	_	_	_	_	_	_	PRELS	Nom.Sg.Masc	der	_	_
8-32	1574-1577	die	_	_	_	_	_	_	_	ART	Acc.Pl.Neut	der	false	_
8-33	1578-1587	berühmten	_	_	_	_	_	_	_	ADJA	Pos.Acc.Pl.Neut	berühmt	_	_
8-34	1588-1595	Bretter	_	_	_	_	_	_	_	NN	Acc.Pl.Neut	Brett	_	_
8-35	1596-1603	gebohrt	_	_	_	_	_	_	_	VVPP	Psp	bohren	_	_
8-36	1604-1607	hat	_	_	_	_	_	_	_	VAFIN	3.Sg.Pres.Ind	haben	_	false
8-37	1608-1609	,	_	_	_	_	_	_	_	$,	_	,	_	_
8-38	1610-1614	also	_	_	_	_	_	_	_	ADV	_	also	_	_
8-39	1615-1618	mit	_	_	_	_	_	_	_	APPR	_	mit	false	_
8-40	1619-1625	Ludwig	_	_	_	_	_	_	_	NE	Nom.Sg.Masc	Ludwig	_	_
8-41	1626-1635	Stieglers	_	_	_	_	_	_	_	NE	Gen.Sg.Masc	Stiegler	_	_
8-42	1636-1641	Hilfe	_	_	_	_	_	_	_	NN	Dat.Sg.Fem	Hilfe	_	_
8-43	1642-1643	,	_	_	_	_	_	_	_	$,	_	,	_	_
8-44	1644-1648	wird	_	_	_	_	_	_	_	VAFIN	3.Sg.Pres.Ind	werden	_	_
8-45	1649-1651	es	_	_	_	_	_	_	_	PPER	3.Nom.Sg.Neut	es	_	_
8-46	1652-1655	uns	_	_	_	_	_	_	_	PPER	1.Dat.Pl.*	uns	_	_
8-47	1656-1664	gelingen	_	_	_	_	_	_	_	VVINF	Inf	gelingen	_	_
8-48	1665-1666	,	_	_	_	_	_	_	_	$,	_	,	_	_
8-49	1667-1672	einen	_	_	_	_	_	_	_	ART	Acc.Sg.Masc	ein	false	_
8-50	1673-1682	absoluten	_	_	_	_	_	_	_	ADJA	Pos.Acc.Sg.Masc	absolut	_	_
8-51	1683-1692	Markstein	false	0Kern	true	false	Grenzstein	_	_	NN	Acc.Sg.Masc	Markstein	_	_
8-52	1693-1695	in	_	_	_	_	_	_	_	APPR	_	in	false	_
8-53	1696-1699	der	_	_	_	_	_	_	_	ART	Dat.Sg.Fem	der	false	_
8-54	1700-1710	Geschichte	_	_	_	_	_	_	_	NN	Dat.Sg.Fem	Geschichte	_	_
8-55	1711-1714	des	_	_	_	_	_	_	_	ART	Gen.Sg.Neut	der	false	_
8-56	1715-1730	Stiftungsrechts	_	_	_	_	_	_	_	NN	Gen.Sg.Neut	Stiftungsrecht	_	_
8-57	1731-1733	in	_	_	_	_	_	_	_	APPR	_	in	false	_
8-58	1734-1745	Deutschland	_	_	_	_	_	_	_	NE	Dat.Sg.Neut	Deutschland	_	_
8-59	1746-1748	zu	_	_	_	_	_	_	_	PTKZU	_	zu	false	_
8-60	1749-1755	setzen	_	_	_	_	_	_	_	VVINF	Inf	setzen	_	false
8-61	1756-1757	.	_	_	_	_	_	_	_	$.	_	.	_	_

9-1	1760-1766	Darauf	_	_	_	_	_	_	_	PROAV	_	darauf	_	_
9-2	1767-1772	stolz	_	_	_	_	_	_	_	ADJD	Pos	stolz	_	_
9-3	1773-1775	zu	_	_	_	_	_	_	_	PTKZU	_	zu	false	_
9-4	1776-1780	sein	_	_	_	_	_	_	_	VAINF	Inf	sein	_	_
9-5	1781-1786	haben	_	_	_	_	_	_	_	VAFIN	1.Pl.Pres.Ind	haben	_	false
9-6	1787-1790	wir	_	_	_	_	_	_	_	PPER	1.Nom.Pl.*	wir	_	_
9-7	1791-1796	allen	_	_	_	_	_	_	_	PIAT	Acc.Sg.Masc	aller	_	_
9-8	1797-1802	Grund	_	_	_	_	_	_	_	NN	Acc.Sg.Masc	Grund	_	_
9-9	1803-1804	,	_	_	_	_	_	_	_	$,	_	,	_	_
9-10	1805-1809	auch	_	_	_	_	_	_	_	ADV	_	auch	_	_
9-11	1810-1814	wenn	_	_	_	_	_	_	_	KOUS	_	wenn	false	_
9-12	1815-1818	wir	_	_	_	_	_	_	_	PPER	1.Nom.Pl.*	wir	_	_
9-13	1819-1825	wissen	_	_	_	_	_	_	_	VVFIN	1.Pl.Pres.Ind	wissen	_	_
9-14	1826-1827	,	_	_	_	_	_	_	_	$,	_	,	_	_
9-15	1828-1832	dass	_	_	_	_	_	_	_	KOUS	_	dass	false	_
9-16	1833-1837	dies	_	_	_	_	_	_	_	PDS	Nom.Sg.Neut	dieser	_	_
9-17	1838-1842	noch	_	_	_	_	_	_	_	ADV	_	noch	_	_
9-18	1843-1848	nicht	_	_	_	_	_	_	_	PTKNEG	_	nicht	_	_
9-19	1849-1852	das	_	_	_	_	_	_	_	ART	Nom.Sg.Neut	der	false	_
9-20	1853-1858	ganze	_	_	_	_	_	_	_	ADJA	Pos.Nom.Sg.Neut	ganz	_	_
9-21	1859-1867	Geschäft	_	_	_	_	_	_	_	NN	Nom.Sg.Neut	Geschäft	_	_
9-22	1868-1872	sein	_	_	_	_	_	_	_	VAINF	Inf	sein	_	_
9-23	1873-1877	wird	_	_	_	_	_	_	_	VAFIN	3.Sg.Pres.Ind	werden	_	_
9-24	1878-1879	.	_	_	_	_	_	_	_	$.	_	.	_	_

10-1	1882-1885	Die	_	_	_	_	_	_	_	ART	Nom.Sg.Fem	der	false	_
10-2	1886-1891	Sache	_	_	_	_	_	_	_	NN	Nom.Sg.Fem	Sache	_	_
10-3	1892-1895	ist	_	_	_	_	_	_	_	VAFIN	3.Sg.Pres.Ind	sein	_	_
10-4	1896-1900	klar	_	_	_	_	_	_	_	ADJD	Pos	klar	_	_
10-5	1901-1902	:	_	_	_	_	_	_	_	$.	_	:	_	_
10-6	1903-1906	Der	_	_	_	_	_	_	_	ART	Nom.Sg.Masc	der	false	_
10-7	1907-1911	neue	_	_	_	_	_	_	_	ADJA	Pos.Nom.Sg.Masc	neu	_	_
10-8	1912-1931	Sonderausgabenabzug	_	_	_	_	_	_	_	NN	Nom.Sg.Masc	Sonderausgabenabzug	_	_
10-9	1932-1935	für	_	_	_	_	_	_	_	APPR	_	für	false	_
10-10	1936-1943	Spenden	_	_	_	_	_	_	_	NN	Acc.Pl.Fem	Spende	_	_
10-11	1944-1946	an	_	_	_	_	_	_	_	APPR	_	an	false	_
10-12	1947-1957	Stiftungen	_	_	_	_	_	_	_	NN	Dat.Pl.Fem	Stiftung	_	_
10-13	1958-1961	bis	_	_	_	_	_	_	_	ADV	_	bis	_	_
10-14	1962-1964	zu	_	_	_	_	_	_	_	ADV	_	zu	_	_
10-15	1965-1967	40	_	_	_	_	_	_	_	CARD	_	40	_	_
10-16	1968-1971	000	_	_	_	_	_	_	_	CARD	_	000	_	_
10-17	1972-1974	DM	_	_	_	_	_	_	_	NN	*.*.Fem	DM	_	_
10-18	1975-1979	wird	_	_	_	_	_	_	_	VAFIN	3.Sg.Pres.Ind	werden	_	_
10-19	1980-1985	seine	_	_	_	_	_	_	_	PPOSAT	Acc.Sg.Fem	sein	_	_
10-20	1986-1993	Wirkung	_	_	_	_	_	_	_	NN	Acc.Sg.Fem	Wirkung	_	_
10-21	1994-1997	nur	_	_	_	_	_	_	_	ADV	_	nur	_	_
10-22	1998-2002	dann	_	_	_	_	_	_	_	ADV	_	dann	_	_
10-23	2003-2007	voll	_	_	_	_	_	_	_	ADJD	Pos	voll	_	_
10-24	2008-2017	entfalten	_	_	_	_	_	_	_	VVINF	Inf	entfalten	_	_
10-25	2018-2024	können	_	_	_	_	_	_	_	VMINF	Inf	können	_	_
10-26	2025-2026	,	_	_	_	_	_	_	_	$,	_	,	_	_
10-27	2027-2031	wenn	_	_	_	_	_	_	_	KOUS	_	wenn	false	_
10-28	2032-2036	alle	_	_	_	_	_	_	_	PIAT	Nom.Pl.*	aller	_	_
10-29	2037-2048	Beteiligten	_	_	_	_	_	_	_	NN	Nom.Pl.*	beteiligter	_	_
10-30	2049-2050	,	_	_	_	_	_	_	_	$,	_	,	_	_
10-31	2051-2060	natürlich	_	_	_	_	_	_	_	ADV	_	natürlich	_	_
10-32	2061-2065	auch	_	_	_	_	_	_	_	ADV	_	auch	_	_
10-33	2066-2069	die	_	_	_	_	_	_	_	ART	Nom.Pl.*	der	false	_
10-34	2070-2085	kulturpolitisch	_	_	_	_	_	_	_	ADJD	Pos	kulturpolitisch	_	_
10-35	2086-2100	interessierten	_	_	_	_	_	_	_	ADJA	Pos.Nom.Pl.*	interessiert	_	_
10-36	2101-2113	Abgeordneten	_	_	_	_	_	_	_	NN	Nom.Pl.*	abgeordneter	_	_
10-37	2114-2120	dieses	_	_	_	_	_	_	_	PDAT	Gen.Sg.Neut	dieser	_	_
10-38	2121-2127	Hauses	_	_	_	_	_	_	_	NN	Gen.Sg.Neut	Haus	_	_
10-39	2128-2129	,	_	_	_	_	_	_	_	$,	_	,	_	_
10-40	2130-2134	auch	_	_	_	_	_	_	_	ADV	_	auch	_	_
10-41	2135-2138	die	_	_	_	_	_	_	_	PDS	Acc.Sg.Fem	der	_	_
10-42	2139-2142	der	_	_	_	_	_	_	_	ART	Gen.Sg.Fem	der	false	_
10-43	2143-2153	Opposition	_	_	_	_	_	_	_	NN	Gen.Sg.Fem	Opposition	_	_
10-44	2154-2155	,	_	_	_	_	_	_	_	$,	_	,	_	_
10-45	2156-2161	ihren	_	_	_	_	_	_	_	PPOSAT	Acc.Sg.Masc	ihr	_	_
10-46	2162-2166	Teil	_	_	_	_	_	_	_	NN	Acc.Sg.Masc	Teil	_	_
10-47	2167-2171	dazu	_	_	_	_	_	_	_	PROAV	_	dazu	_	_
10-48	2172-2181	beitragen	_	_	_	_	_	_	_	VVFIN	3.Pl.Pres.Ind	beitragen	_	_
10-49	2182-2183	,	_	_	_	_	_	_	_	$,	_	,	_	_
10-50	2184-2188	dass	_	_	_	_	_	_	_	KOUS	_	dass	false	_
10-51	2189-2192	die	_	_	_	_	_	_	_	ART	Nom.Sg.Fem	der	false	_
10-52	2193-2197	Idee	_	_	_	_	_	_	_	NN	Nom.Sg.Fem	Idee	_	_
10-53	2198-2201	der	_	_	_	_	_	_	_	ART	Gen.Sg.Fem	der	false	_
10-54	2202-2210	Stiftung	_	_	_	_	_	_	_	NN	Gen.Sg.Fem	Stiftung	_	_
10-55	2211-2217	wieder	_	_	_	_	_	_	_	ADV	_	wieder	_	_
10-56	2218-2220	in	_	_	_	_	_	_	_	APPR	_	in	false	_
10-57	2221-2225	ihre	_	_	_	_	_	_	_	PPOSAT	Acc.Pl.Neut	ihr	_	_
10-58	2226-2231	alten	_	_	_	_	_	_	_	ADJA	Pos.Acc.Pl.Neut	alt	_	_
10-59	2232-2238	Rechte	_	_	_	_	_	_	_	NN	Acc.Pl.Neut	Recht	_	_
10-60	2239-2246	gesetzt	_	_	_	_	_	_	_	VVPP	Psp	setzen	_	false
10-61	2247-2251	wird	_	_	_	_	_	_	_	VAFIN	3.Sg.Pres.Ind	werden	_	_
10-62	2252-2253	.	_	_	_	_	_	_	_	$.	_	.	_	_

11-1	2256-2258	Um	_	_	_	_	_	_	_	APPR	_	um	false	_
11-2	2259-2262	die	_	_	_	_	_	_	_	ART	Acc.Sg.Fem	der	false	_
11-3	2263-2279	Jahrhundertwende	_	_	_	_	_	_	_	NN	Acc.Sg.Fem	Jahrhundertwende	_	_
11-4	2280-2283	gab	_	_	_	_	_	_	_	VVFIN	3.Sg.Past.Ind	geben	_	false
11-5	2284-2286	es	_	_	_	_	_	_	_	PPER	3.Nom.Sg.Neut	es	_	_
11-6	2287-2289	in	_	_	_	_	_	_	_	APPR	_	in	false	_
11-7	2290-2301	Deutschland	_	_	_	_	_	_	_	NE	Dat.Sg.Neut	Deutschland	_	_
11-8	2302-2306	etwa	_	_	_	_	_	_	_	ADV	_	etwa	_	_
11-9	2307-2310	100	_	_	_	_	_	_	_	CARD	_	100	_	_
11-10	2311-2314	000	_	_	_	_	_	_	_	CARD	_	000	_	_
11-11	2315-2325	Stiftungen	_	_	_	_	_	_	_	NN	Acc.Pl.Fem	Stiftung	_	_
11-12	2326-2327	.	_	_	_	_	_	_	_	$.	_	.	_	_

12-1	2330-2332	In	_	_	_	_	_	_	_	APPR	_	in	false	_
12-2	2333-2339	diesen	_	_	_	_	_	_	_	PDAT	Dat.Pl.Fem	dieser	_	_
12-3	2340-2350	Stiftungen	_	_	_	_	_	_	_	NN	Dat.Pl.Fem	Stiftung	_	_
12-4	2351-2354	hat	_	_	_	_	_	_	_	VAFIN	3.Sg.Pres.Ind	haben	_	false
12-5	2355-2358	das	_	_	_	_	_	_	_	ART	Nom.Sg.Neut	der	false	_
12-6	2359-2368	Bürgertum	_	_	_	_	_	_	_	NN	Nom.Sg.Neut	Bürgertum	_	_
12-7	2369-2370	-	_	_	_	_	_	_	_	$(	_	-	_	_
12-8	2371-2375	wenn	_	_	_	_	_	_	_	KOUS	_	wenn	false	_
12-9	2376-2379	ich	_	_	_	_	_	_	_	PPER	1.Nom.Sg.*	ich	_	_
12-10	2380-2382	zu	_	_	_	_	_	_	_	APPR	_	zu	false	_
12-11	2383-2388	Ihnen	_	_	_	_	_	_	_	PPER	3.Dat.Pl.*	ihnen	_	_
12-12	2389-2395	schaue	_	_	_	_	_	_	_	VVFIN	1.Sg.Pres.Ind	schauen	_	_
12-13	2396-2397	,	_	_	_	_	_	_	_	$,	_	,	_	_
12-14	2398-2402	Ihre	_	_	_	_	_	_	_	PPOSAT	Acc.Sg.Fem	ihr	_	_
12-15	2403-2411	Klientel	_	_	_	_	_	_	_	NN	Acc.Sg.Fem	Klientel	_	_
12-16	2412-2413	,	_	_	_	_	_	_	_	$,	_	,	_	_
12-17	2414-2418	aber	_	_	_	_	_	_	_	KON	_	aber	false	_
12-18	2419-2423	auch	_	_	_	_	_	_	_	ADV	_	auch	_	_
12-19	2424-2430	unsere	_	_	_	_	_	_	_	PPOSAT	Nom.Sg.Fem	unser	_	_
12-20	2431-2432	-	_	_	_	_	_	_	_	$(	_	-	_	_
12-21	2433-2438	genau	_	_	_	_	_	_	_	ADJD	Pos	genau	_	_
12-22	2439-2442	das	_	_	_	_	_	_	_	PDS	Acc.Sg.Neut	der	_	_
12-23	2443-2451	versucht	_	_	_	_	_	_	_	VVPP	Psp	versuchen	_	_
12-24	2452-2455	und	_	_	_	_	_	_	_	KON	_	und	false	_
12-25	2456-2461	getan	_	_	_	_	_	_	_	VVPP	Psp	tun	_	_
12-26	2462-2463	,	_	_	_	_	_	_	_	$,	_	,	_	_
12-27	2464-2467	was	_	_	_	_	_	_	_	PRELS	Nom.Sg.Neut	wer	_	_
12-28	2468-2471	uns	_	_	_	_	_	_	_	PPER	1.Dat.Pl.*	uns	_	_
12-29	2472-2477	heute	_	_	_	_	_	_	_	ADV	_	heute	_	_
12-30	2478-2481	das	_	_	_	_	_	_	_	ART	Acc.Sg.Neut	der	false	_
12-31	2482-2492	kulturelle	_	_	_	_	_	_	_	ADJA	Pos.Acc.Sg.Neut	kulturell	_	_
12-32	2493-2497	Erbe	_	_	_	_	_	_	_	NN	Acc.Sg.Neut	Erbe	_	_
12-33	2498-2505	unserer	_	_	_	_	_	_	_	PPOSAT	Gen.Sg.Fem	unser	_	_
12-34	2506-2518	Gesellschaft	_	_	_	_	_	_	_	NN	Gen.Sg.Fem	Gesellschaft	_	_
12-35	2519-2530	mitbeschert	_	_	_	_	_	_	_	VVPP	Psp	mitbescheren	_	_
12-36	2531-2534	hat	_	_	_	_	_	_	_	VAFIN	3.Sg.Pres.Ind	haben	_	false
12-37	2535-2536	.	_	_	_	_	_	_	_	$.	_	.	_	_

13-1	2539-2541	Es	_	_	_	_	_	_	_	PPER	3.Nom.Sg.Neut	es	_	_
13-2	2542-2545	hat	_	_	_	_	_	_	_	VAFIN	3.Sg.Pres.Ind	haben	_	false
13-3	2546-2550	sich	_	_	_	_	_	_	_	PRF	3.Dat.Sg	sich	_	_
13-4	2551-2558	nämlich	_	_	_	_	_	_	_	ADV	_	nämlich	_	_
13-5	2559-2564	einen	_	_	_	_	_	_	_	ART	Acc.Sg.Masc	ein	false	_
13-6	2565-2574	liberalen	_	_	_	_	_	_	_	ADJA	Pos.Acc.Sg.Masc	liberal	_	_
13-7	2575-2583	Freiraum	_	_	_	_	_	_	_	NN	Acc.Sg.Masc	Freiraum	_	_
13-8	2584-2592	erkämpft	_	_	_	_	_	_	_	VVPP	Psp	erkämpfen	_	_
13-9	2593-2598	gegen	_	_	_	_	_	_	_	APPR	_	gegen	false	_
13-10	2599-2602	den	_	_	_	_	_	_	_	ART	Acc.Sg.Masc	der	false	_
13-11	2603-2617	Wilhelminismus	_	_	_	_	_	_	_	NN	Acc.Sg.Masc	Wilhelminismus	_	_
13-12	2618-2619	,	_	_	_	_	_	_	_	$,	_	,	_	_
13-13	2620-2625	gegen	_	_	_	_	_	_	_	APPR	_	gegen	false	_
13-14	2626-2629	die	_	_	_	_	_	_	_	ART	Acc.Pl.Fem	der	false	_
13-15	2630-2642	verkrusteten	false	0Kern	true	true	eine Kruste gebildet	*	13-16	ADJA	Pos.Acc.Pl.Fem	verkrust	_	_
13-16	2643-2649	Formen	false	5clash	_	_	_	_	_	NN	Acc.Pl.Fem	Form	_	_
13-17	2650-2653	des	_	_	_	_	_	_	_	ART	Gen.Sg.Masc	der	false	_
13-18	2654-2663	deutschen	_	_	_	_	_	_	_	ADJA	Pos.Gen.Sg.Masc	deutsch	_	_
13-19	2664-2679	Nationalstaates	_	_	_	_	_	_	_	NN	Gen.Sg.Masc	Nationalstaat	_	_
13-20	2680-2683	mit	_	_	_	_	_	_	_	APPR	_	mit	false	_
13-21	2684-2687	den	_	_	_	_	_	_	_	ART	Dat.Pl.Fem	der	false	_
13-22	2688-2692	drei	_	_	_	_	_	_	_	CARD	_	drei	_	_
13-23	2693-2702	bekannten	_	_	_	_	_	_	_	ADJA	Pos.Dat.Pl.Fem	bekannt	_	_
13-24	2703-2709	Säulen	false	0Kern	true	true	walzenförmiger, senkrecht stehender Bauteil	*	13-25|13-27|13-29	NN	Dat.Pl.Fem	Säule	_	_
13-25	2710-2720	Beamtentum	false	5clash	_	_	_	_	_	NN	Nom.Sg.Neut	Beamtentum	_	_
13-26	2721-2722	,	_	_	_	_	_	_	_	$,	_	,	_	_
13-27	2723-2730	Militär	false	5clash	_	_	_	_	_	NN	Nom.Sg.Neut	Militär	_	_
13-28	2731-2732	,	_	_	_	_	_	_	_	$,	_	,	_	_
13-29	2733-2745	Aristokratie	false	5clash	_	_	_	_	_	NN	Nom.Sg.Fem	Aristokratie	_	_
13-30	2746-2747	,	_	_	_	_	_	_	_	$,	_	,	_	_
13-31	2748-2751	den	_	_	_	_	_	_	_	ART	Dat.Pl.Fem	der	false	_
13-32	2752-2766	beherrschenden	_	_	_	_	_	_	_	ADJA	Pos.Dat.Pl.Fem	beherrschend	_	_
13-33	2767-2777	Strukturen	_	_	_	_	_	_	_	NN	Dat.Pl.Fem	Struktur	_	_
13-34	2778-2781	der	_	_	_	_	_	_	_	ART	Gen.Sg.Fem	der	false	_
13-35	2782-2791	damaligen	_	_	_	_	_	_	_	ADJA	Pos.Gen.Sg.Fem	damalig	_	_
13-36	2792-2804	Gesellschaft	_	_	_	_	_	_	_	NN	Gen.Sg.Fem	Gesellschaft	_	_
13-37	2805-2806	.	_	_	_	_	_	_	_	$.	_	.	_	_

14-1	2809-2813	Sich	_	_	_	_	_	_	_	PRF	3.Dat.Sg	sich	_	_
14-2	2814-2817	mit	_	_	_	_	_	_	_	APPR	_	mit	false	_
14-3	2818-2828	Stiftungen	_	_	_	_	_	_	_	NN	Dat.Pl.Fem	Stiftung	_	_
14-4	2829-2838	gleichsam	_	_	_	_	_	_	_	ADJD	Pos	gleichsam	_	_
14-5	2839-2844	einen	_	_	_	_	_	_	_	ART	Acc.Sg.Masc	ein	false	_
14-6	2845-2853	Freiraum	_	_	_	_	_	_	_	NN	Acc.Sg.Masc	Freiraum	_	_
14-7	2854-2857	bei	_	_	_	_	_	_	_	APPR	_	bei	false	_
14-8	2858-2861	der	_	_	_	_	_	_	_	ART	Dat.Sg.Fem	der	false	_
14-9	2862-2875	Mitgestaltung	_	_	_	_	_	_	_	NN	Dat.Sg.Fem	Mitgestaltung	_	_
14-10	2876-2879	des	_	_	_	_	_	_	_	ART	Gen.Sg.Masc	der	false	_
14-11	2880-2887	Staates	_	_	_	_	_	_	_	NN	Gen.Sg.Masc	Staat	_	_
14-12	2888-2890	zu	_	_	_	_	_	_	_	PTKZU	_	zu	false	_
14-13	2891-2900	erkämpfen	_	_	_	_	_	_	_	VVINF	Inf	erkämpfen	_	_
14-14	2901-2904	war	_	_	_	_	_	_	_	VAFIN	3.Sg.Past.Ind	sein	_	_
14-15	2905-2908	das	_	_	_	_	_	_	_	ART	Nom.Sg.Neut	der	false	_
14-16	2909-2918	Verdienst	_	_	_	_	_	_	_	NN	Nom.Sg.Masc	Verdienst	_	_
14-17	2919-2922	der	_	_	_	_	_	_	_	ART	Gen.Pl.Masc	der	false	_
14-18	2923-2932	damaligen	_	_	_	_	_	_	_	ADJA	Pos.Gen.Pl.Masc	damalig	_	_
14-19	2933-2940	Stifter	_	_	_	_	_	_	_	NN	Gen.Pl.Masc	Stifter	_	_
14-20	2941-2942	.	_	_	_	_	_	_	_	$.	_	.	_	_

15-1	2945-2951	Vielen	_	_	_	_	_	_	_	PIS	Dat.Pl.*	viele	_	_
15-2	2952-2955	von	_	_	_	_	_	_	_	APPR	_	von	false	_
15-3	2956-2961	ihnen	_	_	_	_	_	_	_	PPER	3.Dat.Pl.*	ihnen	_	_
15-4	2962-2968	müsste	_	_	_	_	_	_	_	VMFIN	3.Sg.Past.Subj	müssen	_	_
15-5	2969-2974	heute	_	_	_	_	_	_	_	ADV	_	heute	_	_
15-6	2975-2977	in	_	_	_	_	_	_	_	APPR	_	in	false	_
15-7	2978-2984	dieser	_	_	_	_	_	_	_	PDAT	Dat.Sg.Fem	dieser	_	_
15-8	2985-2990	Stadt	_	_	_	_	_	_	_	NN	Dat.Sg.Fem	Stadt	_	_
15-9	2991-2992	,	_	_	_	_	_	_	_	$,	_	,	_	_
15-10	2993-2997	ganz	_	_	_	_	_	_	_	ADV	_	ganz	_	_
15-11	2998-3007	besonders	_	_	_	_	_	_	_	ADV	_	besonders	_	_
15-12	3008-3011	auf	_	_	_	_	_	_	_	APPR	_	auf	false	_
15-13	3012-3015	der	_	_	_	_	_	_	_	ART	Dat.Sg.Fem	der	false	_
15-14	3016-3028	Museumsinsel	_	_	_	_	_	_	_	NN	Dat.Sg.Fem	Museumsinsel	_	_
15-15	3029-3030	,	_	_	_	_	_	_	_	$,	_	,	_	_
15-16	3031-3038	gedacht	_	_	_	_	_	_	_	VVPP	Psp	denken	_	_
15-17	3039-3045	werden	_	_	_	_	_	_	_	VAINF	Inf	werden	_	_
15-18	3046-3047	,	_	_	_	_	_	_	_	$,	_	,	_	_
15-19	3048-3051	auf	_	_	_	_	_	_	_	APPR	_	auf	false	_
15-20	3052-3056	dass	_	_	_	_	_	_	_	PRELS	Acc.Sg.Neut	der	_	_
15-21	3057-3060	der	_	_	_	_	_	_	_	ART	Nom.Sg.Masc	der	false	_
15-22	3061-3068	Gedanke	_	_	_	_	_	_	_	NN	Nom.Sg.Masc	Gedanke	_	_
15-23	3069-3072	der	_	_	_	_	_	_	_	ART	Gen.Sg.Fem	der	false	_
15-24	3073-3081	Stiftung	_	_	_	_	_	_	_	NN	Gen.Sg.Fem	Stiftung	_	_
15-25	3082-3083	,	_	_	_	_	_	_	_	$,	_	,	_	_
15-26	3084-3087	der	_	_	_	_	_	_	_	PRELS	Nom.Sg.Masc	der	_	_
15-27	3088-3099	bekanntlich	_	_	_	_	_	_	_	ADV	_	bekanntlich	_	_
15-28	3100-3102	in	_	_	_	_	_	_	_	APPR	_	in	false	_
15-29	3103-3106	das	_	_	_	_	_	_	_	ART	Acc.Sg.Neut	der	false	_
15-30	3107-3118	Mittelalter	_	_	_	_	_	_	_	NN	Acc.Sg.Neut	Mittelalter	_	_
15-31	3119-3131	hineinreicht	_	_	_	_	_	_	_	VVFIN	3.Sg.Pres.Ind	hineinreichen	_	_
15-32	3132-3133	,	_	_	_	_	_	_	_	$,	_	,	_	_
15-33	3134-3136	in	_	_	_	_	_	_	_	APPR	_	in	false	_
15-34	3137-3148	Deutschland	_	_	_	_	_	_	_	NE	Dat.Sg.Neut	Deutschland	_	_
15-35	3149-3155	wieder	_	_	_	_	_	_	_	ADV	_	wieder	_	_
15-36	3156-3159	die	_	_	_	_	_	_	_	ART	Acc.Sg.Fem	der	false	_
15-37	3160-3171	Popularität	_	_	_	_	_	_	_	NN	Acc.Sg.Fem	Popularität	_	_
15-38	3172-3179	erlangt	_	_	_	_	_	_	_	VVPP	Psp	erlangen	_	_
15-39	3180-3181	,	_	_	_	_	_	_	_	$,	_	,	_	_
15-40	3182-3185	die	_	_	_	_	_	_	_	PRELS	Acc.Sg.Fem	der	_	_
15-41	3186-3188	er	_	_	_	_	_	_	_	PPER	3.Nom.Sg.Masc	er	_	_
15-42	3189-3199	eigentlich	_	_	_	_	_	_	_	ADV	_	eigentlich	_	_
15-43	3200-3208	verdient	_	_	_	_	_	_	_	VVFIN	3.Sg.Pres.Ind	verdienen	_	_
15-44	3209-3210	.	_	_	_	_	_	_	_	$.	_	.	_	_

16-1	3213-3218	Viele	_	_	_	_	_	_	_	PIAT	Nom.Pl.Fem	vieler	_	_
16-2	3219-3235	Kulturstiftungen	_	_	_	_	_	_	_	NN	Nom.Pl.Fem	Kulturstiftung	_	_
16-3	3236-3238	in	_	_	_	_	_	_	_	APPR	_	in	false	_
16-4	3239-3250	Deutschland	_	_	_	_	_	_	_	NE	Dat.Sg.Neut	Deutschland	_	_
16-5	3251-3257	tragen	_	_	_	_	_	_	_	VVFIN	3.Pl.Pres.Ind	tragen	_	_
16-6	3258-3268	ehrwürdige	_	_	_	_	_	_	_	ADJA	Pos.Acc.Pl.Masc	ehrwürdig	_	_
16-7	3269-3274	Namen	_	_	_	_	_	_	_	NN	Acc.Pl.Masc	Name	_	_
16-8	3275-3276	.	_	_	_	_	_	_	_	$.	_	.	_	_

17-1	3279-3282	Wir	_	_	_	_	_	_	_	PPER	1.Nom.Pl.*	wir	_	_
17-2	3283-3291	brauchen	_	_	_	_	_	_	_	VVFIN	1.Pl.Pres.Ind	brauchen	_	_
17-3	3292-3295	den	_	_	_	_	_	_	_	ART	Dat.Pl.Masc	der	false	_
17-4	3296-3303	reichen	_	_	_	_	_	_	_	ADJA	Pos.Dat.Pl.Masc	reich	_	_
17-5	3304-3309	Mäzen	_	_	_	_	_	_	_	NN	Dat.Pl.Masc	Mazen	_	_
17-6	3310-3311	.	_	_	_	_	_	_	_	$.	_	.	_	_

18-1	3314-3319	Jedes	_	_	_	_	_	_	_	PIAT	Nom.Sg.Neut	jeder	_	_
18-2	3320-3324	Land	_	_	_	_	_	_	_	NN	Nom.Sg.Neut	Land	_	_
18-3	3325-3332	braucht	_	_	_	_	_	_	_	VVFIN	3.Sg.Pres.Ind	brauchen	_	_
18-4	3333-3336	das	_	_	_	_	_	_	_	PDS	Acc.Sg.Neut	der	_	_
18-5	3337-3338	.	_	_	_	_	_	_	_	$.	_	.	_	_

19-1	3341-3344	Die	_	_	_	_	_	_	_	ART	Nom.Sg.Fem	der	false	_
19-2	3345-3349	Idee	_	_	_	_	_	_	_	NN	Nom.Sg.Fem	Idee	_	_
19-3	3350-3353	des	_	_	_	_	_	_	_	ART	Gen.Sg.Neut	der	false	_
19-4	3354-3363	Schenkens	_	_	_	_	_	_	_	NN	Gen.Sg.Neut	Schenken	_	_
19-5	3364-3367	und	_	_	_	_	_	_	_	KON	_	und	false	_
19-6	3368-3371	des	_	_	_	_	_	_	_	ART	Gen.Sg.Neut	der	false	_
19-7	3372-3380	Stiftens	_	_	_	_	_	_	_	NN	Gen.Sg.Neut	stiften	_	_
19-8	3381-3382	,	_	_	_	_	_	_	_	$,	_	,	_	_
19-9	3383-3386	die	_	_	_	_	_	_	_	PRELS	Nom.Sg.Fem	der	_	_
19-10	3387-3389	in	_	_	_	_	_	_	_	APPR	_	in	false	_
19-11	3390-3393	den	_	_	_	_	_	_	_	ART	Dat.Pl.Fem	der	false	_
19-12	3394-3401	letzten	_	_	_	_	_	_	_	ADJA	Pos.Dat.Pl.Fem	letzter	_	_
19-13	3402-3408	Wochen	_	_	_	_	_	_	_	NN	Dat.Pl.Fem	Woche	_	_
19-14	3409-3410	,	_	_	_	_	_	_	_	$,	_	,	_	_
19-15	3411-3414	wie	_	_	_	_	_	_	_	PWAV	_	wie	_	_
19-16	3415-3418	ich	_	_	_	_	_	_	_	PPER	1.Nom.Sg.*	ich	_	_
19-17	3419-3424	finde	_	_	_	_	_	_	_	VVFIN	1.Sg.Pres.Ind	finden	_	false
19-18	3425-3426	,	_	_	_	_	_	_	_	$,	_	,	_	_
19-19	3427-3443	furchtbarerweise	_	_	_	_	_	_	_	ADV	_	furchtbarerweise	_	_
19-20	3444-3447	und	_	_	_	_	_	_	_	KON	_	und	false	_
19-21	3448-3449	-	_	_	_	_	_	_	_	$(	_	-	_	_
19-22	3450-3454	wenn	_	_	_	_	_	_	_	KOUS	_	wenn	false	_
19-23	3455-3458	Sie	_	_	_	_	_	_	_	PPER	3.Nom.Pl.Fem	sie	_	_
19-24	3459-3461	so	_	_	_	_	_	_	_	ADV	_	so	_	_
19-25	3462-3468	wollen	_	_	_	_	_	_	_	VMFIN	3.Pl.Pres.Ind	wollen	_	_
19-26	3469-3470	-	_	_	_	_	_	_	_	$(	_	-	_	_
19-27	3471-3482	hoffentlich	_	_	_	_	_	_	_	ADV	_	hoffentlich	_	_
19-28	3483-3486	nur	_	_	_	_	_	_	_	ADV	_	nur	_	_
19-29	3487-3500	vorübergehend	_	_	_	_	_	_	_	ADJD	Pos	vorübergehend	_	_
19-30	3501-3506	einen	_	_	_	_	_	_	_	ART	Acc.Sg.Masc	ein	false	_
19-31	3507-3515	Hautgout	false	0Kern	true	true	eigentümlich scharfer, würziger Geschmack und Geruch	*	_	NN	Acc.Sg.Masc	Hautgout	_	_
19-32	3516-3524	bekommen	_	_	_	_	_	_	_	VVPP	Psp	bekommen	_	_
19-33	3525-3530	hatte	_	_	_	_	_	_	_	VAFIN	3.Sg.Past.Ind	haben	_	false
19-34	3531-3532	,	_	_	_	_	_	_	_	$,	_	,	_	_
19-35	3533-3536	ist	_	_	_	_	_	_	_	VAFIN	3.Sg.Pres.Ind	sein	_	_
19-36	3537-3542	jeder	_	_	_	_	_	_	_	PIAT	Dat.Sg.Fem	jeder	_	_
19-37	3543-3555	Gesellschaft	_	_	_	_	_	_	_	NN	Dat.Sg.Fem	Gesellschaft	_	_
19-38	3556-3557	,	_	_	_	_	_	_	_	$,	_	,	_	_
19-39	3558-3561	die	_	_	_	_	_	_	_	PRELS	Nom.Sg.Fem	der	_	_
19-40	3562-3567	etwas	_	_	_	_	_	_	_	PIS	*.*.Neut	etwas	_	_
19-41	3568-3571	von	_	_	_	_	_	_	_	APPR	_	von	false	_
19-42	3572-3576	sich	_	_	_	_	_	_	_	PRF	3.Dat.Sg	sich	_	_
19-43	3577-3583	selbst	_	_	_	_	_	_	_	ADV	_	selbst	_	_
19-44	3584-3588	hält	_	_	_	_	_	_	_	VVFIN	3.Sg.Pres.Ind	halten	_	false
19-45	3589-3590	,	_	_	_	_	_	_	_	$,	_	,	_	_
19-46	3591-3596	nicht	_	_	_	_	_	_	_	PTKNEG	_	nicht	_	_
19-47	3597-3606	unbekannt	_	_	_	_	_	_	_	ADJD	Pos	unbekannt	_	_
19-48	3607-3608	.	_	_	_	_	_	_	_	$.	_	.	_	_

20-1	3611-3614	Wir	_	_	_	_	_	_	_	PPER	1.Nom.Pl.*	wir	_	_
20-2	3615-3621	wollen	_	_	_	_	_	_	_	VMFIN	1.Pl.Pres.Ind	wollen	_	_
20-3	3622-3624	im	_	_	_	_	_	_	_	APPRART	Dat.Sg.Masc	in	false	_
20-4	3625-3631	Grunde	_	_	_	_	_	_	_	NN	Dat.Sg.Masc	Grund	_	_
20-5	3632-3640	genommen	_	_	_	_	_	_	_	VVPP	Psp	nehmen	_	false
20-6	3641-3645	eine	_	_	_	_	_	_	_	ART	Acc.Sg.Fem	ein	false	_
20-7	3646-3650	Idee	_	_	_	_	_	_	_	NN	Acc.Sg.Fem	Idee	_	_
20-8	3651-3652	,	_	_	_	_	_	_	_	$,	_	,	_	_
20-9	3653-3656	die	_	_	_	_	_	_	_	PRELS	Nom.Sg.Fem	der	_	_
20-10	3657-3661	auch	_	_	_	_	_	_	_	ADV	_	auch	_	_
20-11	3662-3665	zum	_	_	_	_	_	_	_	APPRART	Dat.Sg.Neut	zu	false	_
20-12	3666-3680	Weihnachtsfest	_	_	_	_	_	_	_	NN	Dat.Sg.Neut	Weihnachtsfest	_	_
20-13	3681-3686	ihren	_	_	_	_	_	_	_	PPOSAT	Acc.Sg.Masc	ihr	_	_
20-14	3687-3699	merkwürdigen	_	_	_	_	_	_	_	ADJA	Pos.Acc.Sg.Masc	merkwürdig	_	_
20-15	3700-3701	,	_	_	_	_	_	_	_	$,	_	,	_	_
20-16	3702-3711	bisweilen	_	_	_	_	_	_	_	ADV	_	bisweilen	_	_
20-17	3712-3716	auch	_	_	_	_	_	_	_	ADV	_	auch	_	_
20-18	3717-3730	übertriebenen	_	_	_	_	_	_	_	ADJA	Pos.Acc.Sg.Masc	übertrieben	_	_
20-19	3731-3739	Ausdruck	_	_	_	_	_	_	_	NN	Acc.Sg.Masc	Ausdruck	_	_
20-20	3740-3746	findet	_	_	_	_	_	_	_	VVFIN	3.Sg.Pres.Ind	finden	_	false
20-21	3747-3748	,	_	_	_	_	_	_	_	$,	_	,	_	_
20-22	3749-3752	die	_	_	_	_	_	_	_	ART	Acc.Sg.Fem	der	false	_
20-23	3753-3757	Idee	_	_	_	_	_	_	_	NN	Acc.Sg.Fem	Idee	_	_
20-24	3758-3761	des	_	_	_	_	_	_	_	ART	Gen.Sg.Neut	der	false	_
20-25	3762-3774	menschlichen	_	_	_	_	_	_	_	ADJA	Pos.Gen.Sg.Neut	menschlich	_	_
20-26	3775-3789	Zusammenlebens	_	_	_	_	_	_	_	NN	Gen.Sg.Neut	zusammenleben	_	_
20-27	3790-3792	in	_	_	_	_	_	_	_	APPR	_	in	false	_
20-28	3793-3796	der	_	_	_	_	_	_	_	ART	Dat.Sg.Fem	der	false	_
20-29	3797-3809	Gesellschaft	_	_	_	_	_	_	_	NN	Dat.Sg.Fem	Gesellschaft	_	_
20-30	3810-3814	auch	_	_	_	_	_	_	_	ADV	_	auch	_	_
20-31	3815-3824	politisch	_	_	_	_	_	_	_	ADJD	Pos	politisch	_	_
20-32	3825-3834	verankern	_	_	_	_	_	_	_	VVINF	Inf	verankern	_	_
20-33	3835-3838	und	_	_	_	_	_	_	_	KON	_	und	false	_
20-34	3839-3849	verbessern	_	_	_	_	_	_	_	VVINF	Inf	verbessern	_	_
20-35	3850-3851	.	_	_	_	_	_	_	_	$.	_	.	_	_

21-1	3854-3857	Das	_	_	_	_	_	_	_	PDS	Nom.Sg.Neut	der	_	_
21-2	3858-3863	heißt	_	_	_	_	_	_	_	VVFIN	3.Sg.Pres.Ind	heißen	_	_
21-3	3864-3865	,	_	_	_	_	_	_	_	$,	_	,	_	_
21-4	3866-3869	wir	_	_	_	_	_	_	_	PPER	1.Nom.Pl.*	wir	_	_
21-5	3870-3877	fordern	_	_	_	_	_	_	_	VVFIN	1.Pl.Pres.Ind	fordern	_	_
21-6	3878-3881	all	_	_	_	_	_	_	_	PIAT	*.*.*	all	_	_
21-7	3882-3892	diejenigen	_	_	_	_	_	_	_	PDAT	Acc.Pl.Masc	derjenige	_	_
21-8	3893-3899	Bürger	_	_	_	_	_	_	_	NN	Acc.Pl.Masc	Bürger	_	_
21-9	3900-3903	auf	_	_	_	_	_	_	_	PTKVZ	_	auf	false	_
21-10	3904-3905	,	_	_	_	_	_	_	_	$,	_	,	_	_
21-11	3906-3909	die	_	_	_	_	_	_	_	PRELS	Nom.Pl.Masc	der	_	_
21-12	3910-3912	55	_	_	_	_	_	_	_	CARD	_	55	_	_
21-13	3913-3918	Jahre	_	_	_	_	_	_	_	NN	Acc.Pl.Neut	Jahr	_	_
21-14	3919-3923	nach	_	_	_	_	_	_	_	APPR	_	nach	false	_
21-15	3924-3934	Kriegsende	_	_	_	_	_	_	_	NN	Dat.Sg.Neut	Kriegsend	_	_
21-16	3935-3945	inzwischen	_	_	_	_	_	_	_	ADV	_	inzwischen	_	_
21-17	3946-3949	ein	_	_	_	_	_	_	_	ART	Acc.Sg.Neut	ein	false	_
21-18	3950-3967	außerordentliches	_	_	_	_	_	_	_	ADJA	Pos.Acc.Sg.Neut	außerordentlich	_	_
21-19	3968-3976	Vermögen	_	_	_	_	_	_	_	NN	Acc.Sg.Neut	Vermögen	_	_
21-20	3977-3986	angehäuft	_	_	_	_	_	_	_	VVPP	Psp	anhäufen	_	_
21-21	3987-3992	haben	_	_	_	_	_	_	_	VAFIN	3.Pl.Pres.Ind	haben	_	false
21-22	3993-3994	,	_	_	_	_	_	_	_	$,	_	,	_	_
21-23	3995-3999	sich	_	_	_	_	_	_	_	PRF	3.Acc.Pl	sich	_	_
21-24	4000-4003	dem	_	_	_	_	_	_	_	ART	Dat.Sg.Masc	der	false	_
21-25	4004-4012	Gedanken	_	_	_	_	_	_	_	NN	Dat.Sg.Masc	Gedanke	_	_
21-26	4013-4016	der	_	_	_	_	_	_	_	ART	Gen.Sg.Fem	der	false	_
21-27	4017-4025	Stiftung	_	_	_	_	_	_	_	NN	Gen.Sg.Fem	Stiftung	_	_
21-28	4026-4028	zu	_	_	_	_	_	_	_	PTKZU	_	zu	false	_
21-29	4029-4035	nähern	_	_	_	_	_	_	_	VVINF	Inf	nähern	_	_
21-30	4036-4039	und	_	_	_	_	_	_	_	KON	_	und	false	_
21-31	4040-4043	ihr	_	_	_	_	_	_	_	PPOSAT	Acc.Sg.Neut	ihr	_	_
21-32	4044-4052	Vermögen	_	_	_	_	_	_	_	NN	Acc.Sg.Neut	Vermögen	_	_
21-33	4053-4055	an	_	_	_	_	_	_	_	APPR	_	an	false	_
21-34	4056-4060	eine	_	_	_	_	_	_	_	ART	Acc.Sg.Fem	ein	false	_
21-35	4061-4074	gemeinnützige	_	_	_	_	_	_	_	ADJA	Pos.Acc.Sg.Fem	gemeinnützig	_	_
21-36	4075-4083	Stiftung	_	_	_	_	_	_	_	NN	Acc.Sg.Fem	Stiftung	_	_
21-37	4084-4097	weiterzugeben	_	_	_	_	_	_	_	VVIZU	Infzu	weitergeben	_	_
21-38	4098-4099	,	_	_	_	_	_	_	_	$,	_	,	_	_
21-39	4100-4106	soweit	_	_	_	_	_	_	_	KOUS	_	soweit	false	_
21-40	4107-4109	es	_	_	_	_	_	_	_	PPER	3.Nom.Sg.Neut	es	_	_
21-41	4110-4117	möglich	_	_	_	_	_	_	_	ADJD	Pos	möglich	_	_
21-42	4118-4121	ist	_	_	_	_	_	_	_	VAFIN	3.Sg.Pres.Ind	sein	_	_
21-43	4122-4123	.	_	_	_	_	_	_	_	$.	_	.	_	_

22-1	4126-4131	Diese	_	_	_	_	_	_	_	PDAT	Nom.Sg.Fem	dieser	_	_
22-2	4132-4150	Gesetzesinitiative	_	_	_	_	_	_	_	NN	Nom.Sg.Fem	Gesetzesinitiative	_	_
22-3	4151-4152	,	_	_	_	_	_	_	_	$,	_	,	_	_
22-4	4153-4156	die	_	_	_	_	_	_	_	PRELS	Nom.Sg.Fem	der	_	_
22-5	4157-4160	wir	_	_	_	_	_	_	_	PPER	1.Nom.Pl.*	wir	_	_
22-6	4161-4172	vorbereiten	_	_	_	_	_	_	_	VVFIN	1.Pl.Pres.Ind	vorbereiten	_	_
22-7	4173-4174	,	_	_	_	_	_	_	_	$,	_	,	_	_
22-8	4175-4179	wird	_	_	_	_	_	_	_	VAFIN	3.Sg.Pres.Ind	werden	_	_
22-9	4180-4183	die	_	_	_	_	_	_	_	ART	Acc.Pl.Masc	der	false	_
22-10	4184-4191	Anreize	_	_	_	_	_	_	_	NN	Acc.Pl.Masc	Anreiz	_	_
22-11	4192-4195	für	_	_	_	_	_	_	_	APPR	_	für	false	_
22-12	4196-4201	diese	_	_	_	_	_	_	_	PDAT	Acc.Pl.Fem	dieser	_	_
22-13	4202-4215	mäzenatischen	_	_	_	_	_	_	_	ADJA	Pos.Acc.Pl.Fem	mäzenatisch	_	_
22-14	4216-4227	Tätigkeiten	_	_	_	_	_	_	_	NN	Acc.Pl.Fem	Tätigkeit	_	_
22-15	4228-4238	verstärken	_	_	_	_	_	_	_	VVINF	Inf	verstärken	_	_
22-16	4239-4242	und	_	_	_	_	_	_	_	KON	_	und	false	_
22-17	4243-4250	erhöhen	_	_	_	_	_	_	_	VVINF	Inf	erhöhen	_	_
22-18	4251-4252	.	_	_	_	_	_	_	_	$.	_	.	_	_

23-1	4255-4258	Der	_	_	_	_	_	_	_	ART	Nom.Sg.Masc	der	false	_
23-2	4259-4264	Staat	_	_	_	_	_	_	_	NN	Nom.Sg.Masc	Staat	_	_
23-3	4265-4269	kann	_	_	_	_	_	_	_	VMFIN	3.Sg.Pres.Ind	können	_	_
23-4	4270-4273	die	_	_	_	_	_	_	_	ART	Acc.Pl.Neut	der	false	_
23-5	4274-4282	wirklich	_	_	_	_	_	_	_	ADJD	Pos	wirklich	_	_
23-6	4283-4289	großen	_	_	_	_	_	_	_	ADJA	Pos.Acc.Pl.Neut	groß	_	_
23-7	4290-4298	Vermögen	false	5clash	_	_	_	_	_	NN	Acc.Pl.Neut	Vermogen	_	_
23-8	4299-4304	nicht	_	_	_	_	_	_	_	PTKNEG	_	nicht	_	_
23-9	4305-4308	mit	_	_	_	_	_	_	_	APPR	_	mit	false	_
23-10	4309-4312	dem	_	_	_	_	_	_	_	ART	Dat.Sg.Masc	der	false	_
23-11	4313-4324	Steuerbonus	_	_	_	_	_	_	_	NN	Dat.Sg.Masc	Steuerbonus	_	_
23-12	4325-4331	allein	_	_	_	_	_	_	_	ADV	_	allein	_	_
23-13	4332-4338	locken	false	0Kern	true	true	mit bestimmten Rufen, durch ein Lockmittel veranlassen, sich zu nähern	*	23-7	VVINF	Inf	locken	_	_
23-14	4339-4340	.	_	_	_	_	_	_	_	$.	_	.	_	_

24-1	4343-4347	Dazu	_	_	_	_	_	_	_	PROAV	_	dazu	_	_
24-2	4348-4354	gehört	_	_	_	_	_	_	_	VVFIN	3.Sg.Pres.Ind	gehören	_	_
24-3	4355-4356	-	_	_	_	_	_	_	_	$(	_	-	_	_
24-4	4357-4360	ich	_	_	_	_	_	_	_	PPER	1.Nom.Sg.*	ich	_	_
24-5	4361-4366	sagte	_	_	_	_	_	_	_	VVFIN	1.Sg.Past.Ind	sagen	_	_
24-6	4367-4369	es	_	_	_	_	_	_	_	PPER	3.Acc.Sg.Neut	es	_	_
24-7	4370-4375	schon	_	_	_	_	_	_	_	ADV	_	schon	_	_
24-8	4376-4377	-	_	_	_	_	_	_	_	$(	_	-	_	_
24-9	4378-4381	die	_	_	_	_	_	_	_	ART	Acc.Sg.Fem	der	false	_
24-10	4382-4391	Schaffung	_	_	_	_	_	_	_	NN	Acc.Sg.Fem	Schaffung	_	_
24-11	4392-4397	eines	_	_	_	_	_	_	_	ART	Gen.Sg.Neut	ein	false	_
24-12	4398-4419	stiftungsfreundlichen	_	_	_	_	_	_	_	ADJA	Pos.Gen.Sg.Neut	stiftungsfreundlich	_	_
24-13	4420-4426	Klimas	_	_	_	_	_	_	_	NN	Gen.Sg.Neut	Klima	_	_
24-14	4427-4428	,	_	_	_	_	_	_	_	$,	_	,	_	_
24-15	4429-4432	das	_	_	_	_	_	_	_	PRELS	Nom.Sg.Neut	der	_	_
24-16	4433-4437	sich	_	_	_	_	_	_	_	PRF	3.Acc.Sg	sich	_	_
24-17	4438-4443	nicht	_	_	_	_	_	_	_	PTKNEG	_	nicht	_	_
24-18	4444-4451	zuletzt	_	_	_	_	_	_	_	ADV	_	zuletzt	_	_
24-19	4452-4454	im	_	_	_	_	_	_	_	APPRART	Dat.Sg.Masc	in	false	_
24-20	4455-4461	Umgang	_	_	_	_	_	_	_	NN	Dat.Sg.Masc	Umgang	_	_
24-21	4462-4465	von	_	_	_	_	_	_	_	APPR	_	von	false	_
24-22	4466-4483	Stiftungsbehörden	_	_	_	_	_	_	_	NN	Dat.Pl.Fem	Stiftungsbehörde	_	_
24-23	4484-4487	und	_	_	_	_	_	_	_	KON	_	und	false	_
24-24	4488-4500	Finanzämtern	_	_	_	_	_	_	_	NN	Dat.Pl.Neut	Finanzamt	_	_
24-25	4501-4504	mit	_	_	_	_	_	_	_	APPR	_	mit	false	_
24-26	4505-4517	potenziellen	_	_	_	_	_	_	_	ADJA	Pos.Dat.Pl.Masc	potenziell	_	_
24-27	4518-4526	Stiftern	_	_	_	_	_	_	_	NN	Dat.Pl.Masc	Stifter	_	_
24-28	4527-4533	zeigen	_	_	_	_	_	_	_	VVINF	Inf	zeigen	_	_
24-29	4534-4538	muss	_	_	_	_	_	_	_	PIS	Acc.Sg.Neut	musser	_	_
24-30	4539-4540	.	_	_	_	_	_	_	_	$.	_	.	_	_

25-1	4543-4546	Das	_	_	_	_	_	_	_	PDS	Nom.Sg.Neut	der	_	_
25-2	4547-4552	heißt	_	_	_	_	_	_	_	VVFIN	3.Sg.Pres.Ind	heißen	_	_
25-3	4553-4554	,	_	_	_	_	_	_	_	$,	_	,	_	_
25-4	4555-4558	der	_	_	_	_	_	_	_	ART	Nom.Sg.Masc	der	false	_
25-5	4559-4572	Bürokratismus	_	_	_	_	_	_	_	NN	Nom.Sg.Masc	Bürokratismus	_	_
25-6	4573-4575	in	_	_	_	_	_	_	_	APPR	_	in	false	_
25-7	4576-4579	der	_	_	_	_	_	_	_	ART	Dat.Sg.Fem	der	false	_
25-8	4580-4589	Gewährung	_	_	_	_	_	_	_	NN	Dat.Sg.Fem	Gewährung	_	_
25-9	4590-4593	von	_	_	_	_	_	_	_	APPR	_	von	false	_
25-10	4594-4604	Stiftungen	_	_	_	_	_	_	_	NN	Dat.Pl.Fem	Stiftung	_	_
25-11	4605-4609	muss	_	_	_	_	_	_	_	PIS	Acc.Sg.Neut	musser	_	_
25-12	4610-4618	aufhören	_	_	_	_	_	_	_	VVINF	Inf	aufhören	_	_
25-13	4619-4620	.	_	_	_	_	_	_	_	$.	_	.	_	_

26-1	4623-4625	Es	_	_	_	_	_	_	_	PPER	3.Nom.Sg.Neut	es	_	_
26-2	4626-4630	muss	_	_	_	_	_	_	_	VMFIN	3.Sg.Pres.Ind	müssen	_	_
26-3	4631-4638	zügiger	_	_	_	_	_	_	_	ADJD	Comp	zügig	_	_
26-4	4639-4646	gewährt	_	_	_	_	_	_	_	VVPP	Psp	gewähren	_	_
26-5	4647-4653	werden	_	_	_	_	_	_	_	VAINF	Inf	werden	_	_
26-6	4654-4655	,	_	_	_	_	_	_	_	$,	_	,	_	_
26-7	4656-4659	und	_	_	_	_	_	_	_	KON	_	und	false	_
26-8	4660-4663	vor	_	_	_	_	_	_	_	APPR	_	vor	false	_
26-9	4664-4669	allem	_	_	_	_	_	_	_	PIS	Dat.Sg.Neut	alle	_	_
26-10	4670-4676	müssen	_	_	_	_	_	_	_	VMFIN	3.Pl.Pres.Ind	müssen	_	_
26-11	4677-4680	die	_	_	_	_	_	_	_	ART	Nom.Pl.Fem	der	false	_
26-12	4681-4691	Stiftungen	_	_	_	_	_	_	_	NN	Nom.Pl.Fem	Stiftung	_	_
26-13	4692-4696	ihre	_	_	_	_	_	_	_	PPOSAT	Acc.Pl.Fem	ihr	_	_
26-14	4697-4707	Leistungen	_	_	_	_	_	_	_	NN	Acc.Pl.Fem	Leistung	_	_
26-15	4708-4715	dadurch	_	_	_	_	_	_	_	PROAV	_	dadurch	_	_
26-16	4716-4717	,	_	_	_	_	_	_	_	$,	_	,	_	_
26-17	4718-4722	dass	_	_	_	_	_	_	_	KOUS	_	dass	false	_
26-18	4723-4726	sie	_	_	_	_	_	_	_	PPER	3.Nom.Pl.Fem	sie	_	_
26-19	4727-4730	sie	_	_	_	_	_	_	_	PPER	3.Acc.Pl.Fem	sie	_	_
26-20	4731-4742	transparent	_	_	_	_	_	_	_	ADJD	Pos	transparent	_	_
26-21	4743-4749	machen	_	_	_	_	_	_	_	VVFIN	3.Pl.Pres.Ind	machen	_	false
26-22	4750-4751	,	_	_	_	_	_	_	_	$,	_	,	_	_
26-23	4752-4760	übrigens	_	_	_	_	_	_	_	ADV	_	übrigens	_	_
26-24	4761-4765	auch	_	_	_	_	_	_	_	ADV	_	auch	_	_
26-25	4766-4769	zur	_	_	_	_	_	_	_	APPRART	Dat.Sg.Fem	zu	false	_
26-26	4770-4782	Verhinderung	_	_	_	_	_	_	_	NN	Dat.Sg.Fem	Verhinderung	_	_
26-27	4783-4786	von	_	_	_	_	_	_	_	APPR	_	von	false	_
26-28	4787-4797	Missbrauch	_	_	_	_	_	_	_	NN	Dat.Sg.Masc	Missbrauch	_	_
26-29	4798-4799	,	_	_	_	_	_	_	_	$,	_	,	_	_
26-30	4800-4803	den	_	_	_	_	_	_	_	ART	Dat.Pl.Masc	der	false	_
26-31	4804-4811	Bürgern	_	_	_	_	_	_	_	NN	Dat.Pl.Masc	Bürger	_	_
26-32	4812-4816	klar	_	_	_	_	_	_	_	ADJD	Pos	klar	_	_
26-33	4817-4823	machen	_	_	_	_	_	_	_	VVINF	Inf	machen	_	false
26-34	4824-4825	.	_	_	_	_	_	_	_	$.	_	.	_	_

27-1	4828-4830	Es	_	_	_	_	_	_	_	PPER	3.Nom.Sg.Neut	es	_	_
27-2	4831-4836	kommt	_	_	_	_	_	_	_	VVFIN	3.Sg.Pres.Ind	kommen	_	false
27-3	4837-4843	darauf	_	_	_	_	_	_	_	PROAV	_	darauf	_	_
27-4	4844-4846	an	_	_	_	_	_	_	_	PTKVZ	_	an	false	_
27-5	4847-4848	,	_	_	_	_	_	_	_	$,	_	,	_	_
27-6	4849-4853	dass	_	_	_	_	_	_	_	KOUS	_	dass	false	_
27-7	4854-4857	die	_	_	_	_	_	_	_	ART	Nom.Pl.Fem	der	false	_
27-8	4858-4868	Stiftungen	_	_	_	_	_	_	_	NN	Nom.Pl.Fem	Stiftung	_	_
27-9	4869-4872	den	_	_	_	_	_	_	_	ART	Dat.Pl.Masc	der	false	_
27-10	4873-4880	Bürgern	_	_	_	_	_	_	_	NN	Dat.Pl.Masc	Bürger	_	_
27-11	4881-4885	klar	_	_	_	_	_	_	_	ADJD	Pos	klar	_	_
27-12	4886-4892	machen	_	_	_	_	_	_	_	VVFIN	3.Pl.Pres.Ind	machen	_	false
27-13	4893-4894	,	_	_	_	_	_	_	_	$,	_	,	_	_
27-14	4895-4898	was	_	_	_	_	_	_	_	PWS	Acc.Sg.Neut	was	_	_
27-15	4899-4902	sie	_	_	_	_	_	_	_	PPER	3.Nom.Pl.Masc	sie	_	_
27-16	4903-4910	leisten	_	_	_	_	_	_	_	VVFIN	3.Pl.Pres.Ind	leisten	_	_
27-17	4911-4912	,	_	_	_	_	_	_	_	$,	_	,	_	_
27-18	4913-4917	dass	_	_	_	_	_	_	_	KOUS	_	dass	false	_
27-19	4918-4921	sie	_	_	_	_	_	_	_	PPER	3.Nom.Pl.Masc	sie	_	_
27-20	4922-4927	nicht	_	_	_	_	_	_	_	PTKNEG	_	nicht	_	_
27-21	4928-4930	im	_	_	_	_	_	_	_	APPRART	Dat.Sg.Neut	in	false	_
27-22	4931-4942	Verborgenen	_	_	_	_	_	_	_	NN	Dat.Sg.Neut	verborgener	_	_
27-23	4943-4949	wirken	_	_	_	_	_	_	_	VVFIN	3.Pl.Pres.Ind	wirken	_	_
27-24	4950-4951	,	_	_	_	_	_	_	_	$,	_	,	_	_
27-25	4952-4959	sondern	_	_	_	_	_	_	_	KON	_	sondern	false	_
27-26	4960-4970	öffentlich	_	_	_	_	_	_	_	ADJD	Pos	öffentlich	_	_
27-27	4971-4974	auf	_	_	_	_	_	_	_	APPR	_	auf	false	_
27-28	4975-4979	ihre	_	_	_	_	_	_	_	PPOSAT	Acc.Pl.Fem	ihr	_	_
27-29	4980-4985	guten	_	_	_	_	_	_	_	ADJA	Pos.Acc.Pl.Fem	gut	_	_
27-30	4986-4991	Taten	_	_	_	_	_	_	_	NN	Acc.Pl.Fem	Tat	_	_
27-31	4992-5001	hinweisen	_	_	_	_	_	_	_	VVFIN	3.Pl.Pres.Ind	hinweisen	_	_
27-32	5002-5003	,	_	_	_	_	_	_	_	$,	_	,	_	_
27-33	5004-5006	zu	_	_	_	_	_	_	_	APPR	_	zu	false	_
27-34	5007-5014	deutsch	_	_	_	_	_	_	_	ADJD	Pos	deutsch	_	_
27-35	5015-5016	:	_	_	_	_	_	_	_	$.	_	:	_	_
27-36	5017-5020	ihr	_	_	_	_	_	_	_	PPOSAT	Acc.Sg.Neut	ihr	_	_
27-37	5021-5026	Licht	false	0Kern	true	true	etwas, was die Umgebung hell macht	_	27-39|27-41|27-42	NN	Acc.Sg.Neut	Licht	_	_
27-38	5027-5032	nicht	_	_	_	_	_	_	_	PTKNEG	_	nicht	_	_
27-39	5033-5038	unter	false	2sem	_	_	_	_	_	APPR	_	unter	true	_
27-40	5039-5042	den	_	_	_	_	_	_	_	ART	Acc.Sg.Masc	der	false	_
27-41	5043-5051	Scheffel	false	2sem	_	_	_	_	_	NN	Acc.Sg.Masc	Scheffel	_	_
27-42	5052-5059	stellen	false	2sem	_	_	_	_	_	VVFIN	3.Pl.Pres.Ind	stellen	_	true
27-43	5060-5061	.	_	_	_	_	_	_	_	$.	_	.	_	_

28-1	5064-5074	Stiftungen	_	_	_	_	_	_	_	NN	Nom.Pl.Fem	Stiftung	_	_
28-2	5075-5079	sind	_	_	_	_	_	_	_	VAFIN	3.Pl.Pres.Ind	sein	_	_
28-3	5080-5085	nicht	_	_	_	_	_	_	_	PTKNEG	_	nicht	_	_
28-4	5086-5089	nur	_	_	_	_	_	_	_	ADV	_	nur	_	_
28-5	5090-5114	Finanzierungsinstrumente	_	_	_	_	_	_	_	NN	Nom.Pl.Neut	Finanzierungsinstrument	_	_
28-6	5115-5116	,	_	_	_	_	_	_	_	$,	_	,	_	_
28-7	5117-5124	sondern	_	_	_	_	_	_	_	KON	_	sondern	false	_
28-8	5125-5133	eröffnen	_	_	_	_	_	_	_	VVFIN	3.Pl.Pres.Ind	eröffnen	_	_
28-9	5134-5138	neue	_	_	_	_	_	_	_	ADJA	Pos.Acc.Pl.Fem	neu	_	_
28-10	5139-5160	Teilhabemöglichkeiten	_	_	_	_	_	_	_	NN	Acc.Pl.Fem	Teilhabemöglichkeit	_	_
28-11	5161-5162	.	_	_	_	_	_	_	_	$.	_	.	_	_

29-1	5165-5168	Vor	_	_	_	_	_	_	_	APPR	_	vor	false	_
29-2	5169-5171	20	_	_	_	_	_	_	_	CARD	_	20	_	_
29-3	5172-5178	Jahren	_	_	_	_	_	_	_	NN	Dat.Pl.Neut	Jahr	_	_
29-4	5179-5184	haben	_	_	_	_	_	_	_	VAFIN	1.Pl.Pres.Ind	haben	_	false
29-5	5185-5188	wir	_	_	_	_	_	_	_	PPER	1.Nom.Pl.*	wir	_	_
29-6	5189-5192	von	_	_	_	_	_	_	_	APPR	_	von	false	_
29-7	5193-5206	Partizipation	_	_	_	_	_	_	_	NN	Dat.Sg.Fem	Partizipation	_	_
29-8	5207-5210	der	_	_	_	_	_	_	_	ART	Gen.Pl.Masc	der	false	_
29-9	5211-5217	Bürger	_	_	_	_	_	_	_	NN	Gen.Pl.Masc	Bürger	_	_
29-10	5218-5220	am	_	_	_	_	_	_	_	APPRART	Dat.Sg.Neut	an	false	_
29-11	5221-5232	kulturellen	_	_	_	_	_	_	_	ADJA	Pos.Dat.Sg.Neut	kulturell	_	_
29-12	5233-5234	,	_	_	_	_	_	_	_	$,	_	,	_	_
29-13	5235-5237	am	_	_	_	_	_	_	_	APPRART	Dat.Sg.Neut	an	false	_
29-14	5238-5256	gesellschaftlichen	_	_	_	_	_	_	_	ADJA	Pos.Dat.Sg.Neut	gesellschaftlich	_	_
29-15	5257-5262	Leben	_	_	_	_	_	_	_	NN	Dat.Sg.Neut	Leben	_	_
29-16	5263-5273	gesprochen	_	_	_	_	_	_	_	VVPP	Psp	sprechen	_	_
29-17	5274-5275	.	_	_	_	_	_	_	_	$.	_	.	_	_

30-1	5278-5281	Die	_	_	_	_	_	_	_	ART	Nom.Sg.Fem	der	false	_
30-2	5282-5292	kulturelle	_	_	_	_	_	_	_	ADJA	Pos.Nom.Sg.Fem	kulturell	_	_
30-3	5293-5301	Vielfalt	_	_	_	_	_	_	_	NN	Nom.Sg.Fem	Vielfalt	_	_
30-4	5302-5307	eines	_	_	_	_	_	_	_	ART	Gen.Sg.Neut	ein	false	_
30-5	5308-5314	Landes	_	_	_	_	_	_	_	NN	Gen.Sg.Neut	Land	_	_
30-6	5315-5322	bemisst	_	_	_	_	_	_	_	VVFIN	3.Sg.Pres.Ind	bemeisen	_	_
30-7	5323-5327	sich	_	_	_	_	_	_	_	PRF	3.Acc.Sg	sich	_	_
30-8	5328-5333	nicht	_	_	_	_	_	_	_	PTKNEG	_	nicht	_	_
30-9	5334-5340	allein	_	_	_	_	_	_	_	ADV	_	allein	_	_
30-10	5341-5343	an	_	_	_	_	_	_	_	APPR	_	an	false	_
30-11	5344-5347	der	_	_	_	_	_	_	_	ART	Dat.Sg.Fem	der	false	_
30-12	5348-5352	Zahl	_	_	_	_	_	_	_	NN	Dat.Sg.Fem	Zahl	_	_
30-13	5353-5356	der	_	_	_	_	_	_	_	ART	Gen.Pl.Fem	der	false	_
30-14	5357-5368	Staatsopern	_	_	_	_	_	_	_	NN	Gen.Pl.Fem	Staatsoper	_	_
30-15	5369-5370	,	_	_	_	_	_	_	_	$,	_	,	_	_
30-16	5371-5378	sondern	_	_	_	_	_	_	_	KON	_	sondern	false	_
30-17	5379-5381	in	_	_	_	_	_	_	_	APPR	_	in	false	_
30-18	5382-5388	erster	_	_	_	_	_	_	_	ADJA	Pos.Dat.Sg.Fem	erster	_	_
30-19	5389-5394	Linie	_	_	_	_	_	_	_	NN	Dat.Sg.Fem	Linie	_	_
30-20	5395-5398	und	_	_	_	_	_	_	_	KON	_	und	false	_
30-21	5399-5402	vor	_	_	_	_	_	_	_	APPR	_	vor	false	_
30-22	5403-5408	allem	_	_	_	_	_	_	_	PIS	Dat.Sg.Neut	alle	_	_
30-23	5409-5414	daran	_	_	_	_	_	_	_	PROAV	_	daran	_	_
30-24	5415-5416	,	_	_	_	_	_	_	_	$,	_	,	_	_
30-25	5417-5421	dass	_	_	_	_	_	_	_	KOUS	_	dass	false	_
30-26	5422-5425	sie	_	_	_	_	_	_	_	PPER	3.Nom.Sg.Fem	sie	_	_
30-27	5426-5432	selbst	_	_	_	_	_	_	_	ADV	_	selbst	_	_
30-28	5433-5437	eine	_	_	_	_	_	_	_	ART	Nom.Sg.Fem	ein	false	_
30-29	5438-5441	Art	true	*	_	_	_	_	_	NN	Nom.Sg.Fem	Art	_	_
30-30	5442-5447	Forum	false	0Kern	true	true	Plattform	*	30-29	NN	Nom.Sg.Neut	Forum	_	_
30-31	5448-5451	des	_	_	_	_	_	_	_	ART	Gen.Sg.Neut	der	false	_
30-32	5452-5468	Selbstgespräches	_	_	_	_	_	_	_	NN	Gen.Sg.Neut	Selbstgespräch	_	_
30-33	5469-5474	einer	_	_	_	_	_	_	_	ART	Gen.Sg.Fem	ein	false	_
30-34	5475-5487	Gesellschaft	_	_	_	_	_	_	_	NN	Gen.Sg.Fem	Gesellschaft	_	_
30-35	5488-5491	ist	_	_	_	_	_	_	_	VAFIN	3.Sg.Pres.Ind	sein	_	_
30-36	5492-5493	.	_	_	_	_	_	_	_	$.	_	.	_	_

31-1	5496-5499	Das	_	_	_	_	_	_	_	PDS	Nom.Sg.Neut	der	_	_
31-2	5500-5505	heißt	_	_	_	_	_	_	_	VVFIN	3.Sg.Pres.Ind	heißen	_	_
31-3	5506-5507	:	_	_	_	_	_	_	_	$.	_	:	_	_
31-4	5508-5511	Die	_	_	_	_	_	_	_	ART	Nom.Sg.Fem	der	false	_
31-5	5512-5518	Kultur	_	_	_	_	_	_	_	NN	Nom.Sg.Fem	Kultur	_	_
31-6	5519-5524	eines	_	_	_	_	_	_	_	ART	Gen.Sg.Neut	ein	false	_
31-7	5525-5531	Landes	_	_	_	_	_	_	_	NN	Gen.Sg.Neut	Land	_	_
31-8	5532-5537	misst	_	_	_	_	_	_	_	VVFIN	3.Sg.Pres.Ind	messen	_	_
31-9	5538-5542	sich	_	_	_	_	_	_	_	PRF	3.Acc.Sg	sich	_	_
31-10	5543-5548	daran	_	_	_	_	_	_	_	PROAV	_	daran	_	_
31-11	5549-5550	,	_	_	_	_	_	_	_	$,	_	,	_	_
31-12	5551-5560	inwieweit	_	_	_	_	_	_	_	PWAV	_	inwieweit	_	_
31-13	5561-5564	sie	_	_	_	_	_	_	_	PPER	3.Nom.Sg.Fem	sie	_	_
31-14	5565-5566	"	_	_	_	_	_	_	_	$(	_	"	_	_
31-15	5567-5570	von	_	_	_	_	_	_	_	APPR	_	von	false	_
31-16	5571-5576	unten	_	_	_	_	_	_	_	ADV	_	unten	_	_
31-17	5577-5578	"	_	_	_	_	_	_	_	$(	_	"	_	_
31-18	5579-5580	,	_	_	_	_	_	_	_	$,	_	,	_	_
31-19	5581-5584	das	_	_	_	_	_	_	_	PDS	Nom.Sg.Neut	der	_	_
31-20	5585-5590	heißt	_	_	_	_	_	_	_	VVFIN	3.Sg.Pres.Ind	heißen	_	_
31-21	5591-5592	:	_	_	_	_	_	_	_	$.	_	:	_	_
31-22	5593-5596	von	_	_	_	_	_	_	_	APPR	_	von	false	_
31-23	5597-5600	den	_	_	_	_	_	_	_	ART	Dat.Pl.Masc	der	false	_
31-24	5601-5608	Bürgern	_	_	_	_	_	_	_	NN	Dat.Pl.Masc	Bürger	_	_
31-25	5609-5610	,	_	_	_	_	_	_	_	$,	_	,	_	_
31-26	5611-5619	getragen	_	_	_	_	_	_	_	VVPP	Psp	tragen	_	_
31-27	5620-5624	wird	_	_	_	_	_	_	_	VAFIN	3.Sg.Pres.Ind	werden	_	_
31-28	5625-5626	.	_	_	_	_	_	_	_	$.	_	.	_	_

32-1	5629-5632	Die	_	_	_	_	_	_	_	ART	Nom.Sg.Fem	der	false	_
32-2	5633-5643	kulturelle	_	_	_	_	_	_	_	ADJA	Pos.Nom.Sg.Fem	kulturell	_	_
32-3	5644-5652	Vielfalt	_	_	_	_	_	_	_	NN	Nom.Sg.Fem	Vielfalt	_	_
32-4	5653-5661	entsteht	_	_	_	_	_	_	_	VVFIN	3.Sg.Pres.Ind	entstehen	_	_
32-5	5662-5664	im	_	_	_	_	_	_	_	APPRART	Dat.Sg.Neut	in	false	_
32-6	5665-5680	pluralistischen	_	_	_	_	_	_	_	ADJA	Pos.Dat.Sg.Neut	pluralistisch	_	_
32-7	5681-5686	Spiel	_	_	_	_	_	_	_	NN	Dat.Sg.Neut	Spiel	_	_
32-8	5687-5690	der	_	_	_	_	_	_	_	ART	Gen.Pl.Fem	der	false	_
32-9	5691-5705	künstlerischen	_	_	_	_	_	_	_	ADJA	Pos.Gen.Pl.Fem	künstlerisch	_	_
32-10	5706-5712	Kräfte	_	_	_	_	_	_	_	NN	Gen.Pl.Fem	Kraft	_	_
32-11	5713-5716	und	_	_	_	_	_	_	_	KON	_	und	false	_
32-12	5717-5721	auch	_	_	_	_	_	_	_	ADV	_	auch	_	_
32-13	5722-5725	des	_	_	_	_	_	_	_	ART	Gen.Sg.Neut	der	false	_
32-14	5726-5735	Publikums	_	_	_	_	_	_	_	NN	Gen.Sg.Neut	Publikum	_	_
32-15	5736-5737	.	_	_	_	_	_	_	_	$.	_	.	_	_

33-1	5740-5743	Der	_	_	_	_	_	_	_	ART	Nom.Sg.Masc	der	false	_
33-2	5744-5749	Staat	_	_	_	_	_	_	_	NN	Nom.Sg.Masc	Staat	_	_
33-3	5750-5756	sollte	_	_	_	_	_	_	_	VMFIN	3.Sg.Past.Ind	sollen	_	_
33-4	5757-5759	in	_	_	_	_	_	_	_	APPR	_	in	false	_
33-5	5760-5765	einer	_	_	_	_	_	_	_	ART	Dat.Sg.Fem	ein	false	_
33-6	5766-5778	freiheitlich	_	_	_	_	_	_	_	ADJD	Pos	freiheitlich	_	_
33-7	5779-5789	verfassten	_	_	_	_	_	_	_	ADJA	Pos.Dat.Sg.Fem	verfasst	_	_
33-8	5790-5802	Gesellschaft	_	_	_	_	_	_	_	NN	Dat.Sg.Fem	Gesellschaft	_	_
33-9	5803-5806	gar	_	_	_	_	_	_	_	ADV	_	gar	_	_
33-10	5807-5812	nicht	_	_	_	_	_	_	_	PTKNEG	_	nicht	_	_
33-11	5813-5817	erst	_	_	_	_	_	_	_	ADV	_	erst	_	_
33-12	5818-5827	versuchen	_	_	_	_	_	_	_	VVINF	Inf	versuchen	_	_
33-13	5828-5829	,	_	_	_	_	_	_	_	$,	_	,	_	_
33-14	5830-5833	das	_	_	_	_	_	_	_	ART	Acc.Sg.Neut	der	false	_
33-15	5834-5844	kulturelle	_	_	_	_	_	_	_	ADJA	Pos.Acc.Sg.Neut	kulturell	_	_
33-16	5845-5851	Niveau	_	_	_	_	_	_	_	NN	Acc.Sg.Neut	Niveau	_	_
33-17	5852-5854	im	_	_	_	_	_	_	_	APPRART	Dat.Sg.Masc	in	false	_
33-18	5855-5860	Sinne	_	_	_	_	_	_	_	NN	Dat.Sg.Masc	Sinn	_	_
33-19	5861-5872	klassischer	_	_	_	_	_	_	_	ADJA	Pos.Gen.Sg.Fem	klassisch	_	_
33-20	5873-5886	Förderpolitik	_	_	_	_	_	_	_	NN	Gen.Sg.Fem	Förderpolitik	_	_
33-21	5887-5888	,	_	_	_	_	_	_	_	$,	_	,	_	_
33-22	5889-5893	also	_	_	_	_	_	_	_	ADV	_	also	_	_
33-23	5894-5900	allein	_	_	_	_	_	_	_	ADV	_	allein	_	_
33-24	5901-5906	durch	_	_	_	_	_	_	_	APPR	_	durch	false	_
33-25	5907-5922	Haushaltsmittel	_	_	_	_	_	_	_	NN	Acc.Pl.Neut	Haushaltsmittel	_	_
33-25.1	5907-5915	Haushalt	false	0Kern	true	false	Wirtschaftsführung mehrerer \[in einer Familie\] zusammenlebender Personen	_	_		_	_	_	_	_	_	_	_	_	_	_
33-25.2	5915-5922	smittel	false	2sem	_	_	_	_	_		_	_	_	_	_	_	_	_	_	_	_
33-26	5923-5924	,	_	_	_	_	_	_	_	$,	_	,	_	_
33-27	5925-5927	zu	_	_	_	_	_	_	_	PTKZU	_	zu	false	_
33-28	5928-5939	garantieren	_	_	_	_	_	_	_	VVINF	Inf	garantieren	_	_
33-29	5940-5941	.	_	_	_	_	_	_	_	$.	_	.	_	_

34-1	5944-5947	Das	_	_	_	_	_	_	_	ART	Nom.Sg.Neut	der	false	_
34-2	5948-5958	kulturelle	_	_	_	_	_	_	_	ADJA	Pos.Nom.Sg.Neut	kulturell	_	_
34-3	5959-5965	Niveau	_	_	_	_	_	_	_	NN	Nom.Sg.Neut	Niveau	_	_
34-4	5966-5975	definiert	_	_	_	_	_	_	_	VVFIN	3.Sg.Pres.Ind	definieren	_	_
34-5	5976-5980	sich	_	_	_	_	_	_	_	PRF	3.Acc.Sg	sich	_	_
34-6	5981-5986	durch	_	_	_	_	_	_	_	APPR	_	durch	false	_
34-7	5987-5990	die	_	_	_	_	_	_	_	ART	Acc.Pl.Fem	der	false	_
34-8	5991-6001	Leistungen	_	_	_	_	_	_	_	NN	Acc.Pl.Fem	Leistung	_	_
34-9	6002-6005	der	_	_	_	_	_	_	_	ART	Gen.Pl.Masc	der	false	_
34-10	6006-6014	Künstler	_	_	_	_	_	_	_	NN	Gen.Pl.Masc	Künstler	_	_
34-11	6015-6016	.	_	_	_	_	_	_	_	$.	_	.	_	_

35-1	6019-6022	Die	_	_	_	_	_	_	_	ART	Acc.Pl.Fem	der	false	_
35-2	6023-6033	Leistungen	_	_	_	_	_	_	_	NN	Acc.Pl.Fem	Leistung	_	_
35-3	6034-6037	der	_	_	_	_	_	_	_	ART	Gen.Pl.Masc	der	false	_
35-4	6038-6046	Künstler	_	_	_	_	_	_	_	NN	Gen.Pl.Masc	Künstler	_	_
35-5	6047-6049	zu	_	_	_	_	_	_	_	PTKZU	_	zu	false	_
35-6	6050-6062	unterstützen	_	_	_	_	_	_	_	VVINF	Inf	unterstützen	_	_
35-7	6063-6064	,	_	_	_	_	_	_	_	$,	_	,	_	_
35-8	6065-6068	und	_	_	_	_	_	_	_	KON	_	und	false	_
35-9	6069-6073	zwar	_	_	_	_	_	_	_	ADV	_	zwar	_	_
35-10	6074-6079	nicht	_	_	_	_	_	_	_	PTKNEG	_	nicht	_	_
35-11	6080-6083	nur	_	_	_	_	_	_	_	ADV	_	nur	_	_
35-12	6084-6087	vom	_	_	_	_	_	_	_	APPRART	Dat.Sg.Masc	von	false	_
35-13	6088-6093	Staat	_	_	_	_	_	_	_	NN	Dat.Sg.Masc	Staat	_	_
35-14	6094-6095	,	_	_	_	_	_	_	_	$,	_	,	_	_
35-15	6096-6103	sondern	_	_	_	_	_	_	_	KON	_	sondern	false	_
35-16	6104-6108	auch	_	_	_	_	_	_	_	ADV	_	auch	_	_
35-17	6109-6112	vom	_	_	_	_	_	_	_	APPRART	Dat.Sg.Masc	von	false	_
35-18	6113-6119	Bürger	_	_	_	_	_	_	_	NN	Dat.Sg.Masc	Bürger	_	_
35-19	6120-6121	,	_	_	_	_	_	_	_	$,	_	,	_	_
35-20	6122-6129	genauer	_	_	_	_	_	_	_	ADJD	Comp	genau	_	_
35-21	6130-6136	gesagt	_	_	_	_	_	_	_	VVPP	Psp	sagen	_	_
35-22	6137-6138	:	_	_	_	_	_	_	_	$.	_	:	_	_
35-23	6139-6142	vom	_	_	_	_	_	_	_	APPRART	Dat.Sg.Neut	von	false	_
35-24	6143-6151	Publikum	_	_	_	_	_	_	_	NN	Dat.Sg.Neut	Publikum	_	_
35-25	6152-6153	,	_	_	_	_	_	_	_	$,	_	,	_	_
35-26	6154-6157	ist	_	_	_	_	_	_	_	VAFIN	3.Sg.Pres.Ind	sein	_	_
35-27	6158-6165	deshalb	_	_	_	_	_	_	_	PROAV	_	deshalb	_	_
35-28	6166-6170	eine	_	_	_	_	_	_	_	ART	Nom.Sg.Fem	ein	false	_
35-29	6171-6179	vornehme	_	_	_	_	_	_	_	ADJA	Pos.Nom.Sg.Fem	vornehm	_	_
35-30	6180-6187	Aufgabe	_	_	_	_	_	_	_	NN	Nom.Sg.Fem	Aufgabe	_	_
35-31	6188-6189	,	_	_	_	_	_	_	_	$,	_	,	_	_
35-32	6190-6194	weil	_	_	_	_	_	_	_	KOUS	_	weil	false	_
35-33	6195-6199	sich	_	_	_	_	_	_	_	PRF	3.Acc.Pl	sich	_	_
35-34	6200-6203	die	_	_	_	_	_	_	_	ART	Nom.Pl.Fem	der	false	_
35-35	6204-6210	Künste	_	_	_	_	_	_	_	NN	Nom.Pl.Fem	Kunst	_	_
35-36	6211-6212	-	_	_	_	_	_	_	_	$(	_	-	_	_
35-37	6213-6219	denken	_	_	_	_	_	_	_	VVFIN	3.Pl.Pres.Ind	denken	_	_
35-38	6220-6223	Sie	_	_	_	_	_	_	_	PPER	3.Nom.Pl.Fem	sie	_	_
35-39	6224-6227	nur	_	_	_	_	_	_	_	ADV	_	nur	_	_
35-40	6228-6230	an	_	_	_	_	_	_	_	APPR	_	an	false	_
35-41	6231-6234	die	_	_	_	_	_	_	_	ART	Acc.Pl.Fem	der	false	_
35-42	6235-6254	Finanzierungskrisen	_	_	_	_	_	_	_	NN	Acc.Pl.Fem	Finanzierungskrise	_	_
35-43	6255-6256	,	_	_	_	_	_	_	_	$,	_	,	_	_
35-44	6257-6260	die	_	_	_	_	_	_	_	PRELS	Acc.Pl.Fem	der	_	_
35-45	6261-6266	diese	_	_	_	_	_	_	_	PDAT	Nom.Sg.Fem	dieser	_	_
35-46	6267-6272	Stadt	_	_	_	_	_	_	_	NN	Nom.Sg.Fem	Stadt	_	_
35-47	6273-6279	gerade	_	_	_	_	_	_	_	ADV	_	gerade	_	_
35-48	6280-6283	bei	_	_	_	_	_	_	_	APPR	_	bei	false	_
35-49	6284-6289	ihren	_	_	_	_	_	_	_	PPOSAT	Dat.Pl.Fem	ihr	_	_
35-50	6290-6295	Opern	_	_	_	_	_	_	_	NN	Dat.Pl.Fem	Oper	_	_
35-51	6296-6302	erlebt	_	_	_	_	_	_	_	VVFIN	3.Sg.Pres.Ind	erleben	_	_
35-52	6303-6304	-	_	_	_	_	_	_	_	$(	_	-	_	_
35-53	6305-6308	und	_	_	_	_	_	_	_	KON	_	und	false	_
35-54	6309-6312	die	_	_	_	_	_	_	_	ART	Acc.Pl.Masc	der	false	_
35-55	6313-6321	Künstler	_	_	_	_	_	_	_	NN	Acc.Pl.Masc	Künstler	_	_
35-56	6322-6327	nicht	_	_	_	_	_	_	_	PTKNEG	_	nicht	_	_
35-57	6328-6330	in	_	_	_	_	_	_	_	APPR	_	in	false	_
35-58	6331-6334	der	_	_	_	_	_	_	_	ART	Dat.Sg.Fem	der	false	_
35-59	6335-6343	Position	_	_	_	_	_	_	_	NN	Dat.Sg.Fem	Position	_	_
35-60	6344-6352	befinden	_	_	_	_	_	_	_	VVINF	Inf	befinden	_	_
35-61	6353-6360	sollten	_	_	_	_	_	_	_	VMFIN	3.Pl.Past.Ind	sollen	_	_
35-62	6361-6362	,	_	_	_	_	_	_	_	$,	_	,	_	_
35-63	6363-6369	Kunden	false	0Kern	true	true	jmd., der in einem Geschäft etw. kauft	*	35-65	NN	Dat.Pl.Masc	Kunde	_	_
35-64	6370-6373	des	_	_	_	_	_	_	_	ART	Gen.Sg.Masc	der	false	_
35-65	6374-6381	Staates	false	5clash	_	_	_	_	_	NN	Gen.Sg.Masc	Staat	_	_
35-66	6382-6384	zu	_	_	_	_	_	_	_	PTKZU	_	zu	false	_
35-67	6385-6389	sein	_	_	_	_	_	_	_	VAINF	Inf	sein	_	_
35-68	6390-6391	.	_	_	_	_	_	_	_	$.	_	.	_	_

36-1	6394-6397	Das	_	_	_	_	_	_	_	PDS	Nom.Sg.Neut	der	_	_
36-2	6398-6403	heißt	_	_	_	_	_	_	_	VVFIN	3.Sg.Pres.Ind	heißen	_	_
36-3	6404-6405	:	_	_	_	_	_	_	_	$.	_	:	_	_
36-4	6406-6416	Stiftungen	_	_	_	_	_	_	_	NN	Nom.Pl.Fem	Stiftung	_	_
36-5	6417-6421	sind	_	_	_	_	_	_	_	VAFIN	3.Pl.Pres.Ind	sein	_	_
36-6	6422-6433	Instrumente	_	_	_	_	_	_	_	NN	Nom.Pl.Neut	Instrument	_	_
36-7	6434-6437	der	_	_	_	_	_	_	_	ART	Gen.Sg.Fem	der	false	_
36-8	6438-6450	vermittelten	_	_	_	_	_	_	_	ADJA	Pos.Gen.Sg.Fem	vermittelt	_	_
36-9	6451-6459	Freiheit	_	_	_	_	_	_	_	NN	Gen.Sg.Fem	Freiheit	_	_
36-10	6460-6464	auch	_	_	_	_	_	_	_	ADV	_	auch	_	_
36-11	6465-6468	der	_	_	_	_	_	_	_	ART	Gen.Pl.Fem	der	false	_
36-12	6469-6475	Künste	_	_	_	_	_	_	_	NN	Gen.Pl.Fem	Kunst	_	_
36-13	6476-6477	.	_	_	_	_	_	_	_	$.	_	.	_	_

37-1	6480-6483	Der	_	_	_	_	_	_	_	ART	Nom.Sg.Masc	der	false	_
37-2	6484-6489	Staat	_	_	_	_	_	_	_	NN	Nom.Sg.Masc	Staat	_	_
37-3	6490-6494	lebt	_	_	_	_	_	_	_	VVFIN	3.Sg.Pres.Ind	leben	_	_
37-4	6495-6498	vom	_	_	_	_	_	_	_	APPRART	Dat.Sg.Neut	von	false	_
37-5	6499-6509	Engagement	_	_	_	_	_	_	_	NN	Dat.Sg.Neut	Engagement	_	_
37-6	6510-6516	seiner	_	_	_	_	_	_	_	PPOSAT	Gen.Pl.Masc	sein	_	_
37-7	6517-6523	Bürger	_	_	_	_	_	_	_	NN	Gen.Pl.Masc	Bürger	_	_
37-8	6524-6525	.	_	_	_	_	_	_	_	$.	_	.	_	_

38-1	6528-6530	Es	_	_	_	_	_	_	_	PPER	3.Nom.Sg.Neut	es	_	_
38-2	6531-6539	zeichnet	_	_	_	_	_	_	_	VVFIN	3.Sg.Pres.Ind	zeichnen	_	_
38-3	6540-6546	gerade	_	_	_	_	_	_	_	ADV	_	gerade	_	_
38-4	6547-6550	den	_	_	_	_	_	_	_	ART	Acc.Sg.Masc	der	false	_
38-5	6551-6565	freiheitlichen	_	_	_	_	_	_	_	ADJA	Pos.Acc.Sg.Masc	freiheitlich	_	_
38-6	6566-6571	Staat	_	_	_	_	_	_	_	NN	Acc.Sg.Masc	Staat	_	_
38-7	6572-6575	aus	_	_	_	_	_	_	_	PTKVZ	_	aus	false	_
38-8	6576-6577	,	_	_	_	_	_	_	_	$,	_	,	_	_
38-9	6578-6582	dass	_	_	_	_	_	_	_	KOUS	_	dass	false	_
38-10	6583-6585	er	_	_	_	_	_	_	_	PPER	3.Nom.Sg.Masc	er	_	_
38-11	6586-6594	privaten	_	_	_	_	_	_	_	ADJA	Pos.Dat.Pl.Fem	privat	_	_
38-12	6595-6606	Initiativen	_	_	_	_	_	_	_	NN	Dat.Pl.Fem	Initiative	_	_
38-13	6607-6610	den	_	_	_	_	_	_	_	ART	Acc.Sg.Masc	der	false	_
38-14	6611-6622	notwendigen	_	_	_	_	_	_	_	ADJA	Pos.Acc.Sg.Masc	notwendig	_	_
38-15	6623-6627	Raum	_	_	_	_	_	_	_	NN	Acc.Sg.Masc	Raum	_	_
38-16	6628-6635	belässt	_	_	_	_	_	_	_	VVFIN	3.Sg.Pres.Ind	belassen	_	_
38-17	6636-6637	,	_	_	_	_	_	_	_	$,	_	,	_	_
38-18	6638-6651	bürokratische	_	_	_	_	_	_	_	ADJA	Pos.Acc.Pl.Neut	bürokratisch	_	_
38-19	6652-6661	Hemmnisse	_	_	_	_	_	_	_	NN	Acc.Pl.Neut	Hemmnis	_	_
38-20	6662-6668	abbaut	_	_	_	_	_	_	_	VVFIN	3.Sg.Pres.Ind	abbauen	_	_
38-21	6669-6672	und	_	_	_	_	_	_	_	KON	_	und	false	_
38-22	6673-6674	,	_	_	_	_	_	_	_	$,	_	,	_	_
38-23	6675-6679	wenn	_	_	_	_	_	_	_	KOUS	_	wenn	false	_
38-24	6680-6687	möglich	_	_	_	_	_	_	_	ADJD	Pos	möglich	_	_
38-25	6688-6689	,	_	_	_	_	_	_	_	$,	_	,	_	_
38-26	6690-6698	privates	_	_	_	_	_	_	_	ADJA	Pos.Acc.Sg.Neut	privat	_	_
38-27	6699-6709	Engagement	_	_	_	_	_	_	_	NN	Acc.Sg.Neut	Engagement	_	_
38-28	6710-6715	nicht	_	_	_	_	_	_	_	PTKNEG	_	nicht	_	_
38-29	6716-6719	nur	_	_	_	_	_	_	_	ADV	_	nur	_	_
38-30	6720-6727	schützt	_	_	_	_	_	_	_	VVFIN	3.Sg.Pres.Ind	schützen	_	_
38-31	6728-6729	,	_	_	_	_	_	_	_	$,	_	,	_	_
38-32	6730-6737	sondern	_	_	_	_	_	_	_	KON	_	sondern	false	_
38-33	6738-6743	aktiv	_	_	_	_	_	_	_	ADJD	Pos	aktiv	_	_
38-34	6744-6751	fördert	_	_	_	_	_	_	_	VVFIN	3.Sg.Pres.Ind	fördern	_	_
38-35	6752-6753	,	_	_	_	_	_	_	_	$,	_	,	_	_
38-36	6754-6758	etwa	_	_	_	_	_	_	_	ADV	_	etwa	_	_
38-37	6759-6764	durch	_	_	_	_	_	_	_	APPR	_	durch	false	_
38-38	6765-6770	seine	_	_	_	_	_	_	_	PPOSAT	Acc.Sg.Fem	sein	_	_
38-39	6771-6789	Steuergesetzgebung	_	_	_	_	_	_	_	NN	Acc.Sg.Fem	Steuergesetzgebung	_	_
38-40	6790-6791	.	_	_	_	_	_	_	_	$.	_	.	_	_

39-1	6794-6797	Das	_	_	_	_	_	_	_	PDS	Acc.Sg.Neut	der	_	_
39-2	6798-6801	tun	_	_	_	_	_	_	_	VVFIN	1.Pl.Pres.Ind	tun	_	_
39-3	6802-6805	wir	_	_	_	_	_	_	_	PPER	1.Nom.Pl.*	wir	_	_
39-4	6806-6807	;	_	_	_	_	_	_	_	$.	_	;	_	_
39-5	6808-6811	das	_	_	_	_	_	_	_	PDS	Nom.Sg.Neut	der	_	_
39-6	6812-6815	ist	_	_	_	_	_	_	_	VAFIN	3.Sg.Pres.Ind	sein	_	_
39-7	6816-6818	in	_	_	_	_	_	_	_	APPR	_	in	false	_
39-8	6819-6822	der	_	_	_	_	_	_	_	ART	Dat.Sg.Fem	der	false	_
39-9	6823-6826	Tat	_	_	_	_	_	_	_	NN	Dat.Sg.Fem	Tat	_	_
39-10	6827-6828	-	_	_	_	_	_	_	_	$(	_	-	_	_
39-11	6829-6831	um	_	_	_	_	_	_	_	KOUI	_	um	false	_
39-12	6832-6835	den	_	_	_	_	_	_	_	ART	Acc.Sg.Masc	der	false	_
39-13	6836-6841	alten	_	_	_	_	_	_	_	ADJA	Pos.Acc.Sg.Masc	alt	_	_
39-14	6842-6857	Wahlkampfslogan	_	_	_	_	_	_	_	NN	Acc.Sg.Masc	Wahlkampfslogan	_	_
39-15	6858-6860	zu	_	_	_	_	_	_	_	PTKZU	_	zu	false	_
39-16	6861-6868	beleben	_	_	_	_	_	_	_	VVINF	Inf	beleben	_	_
39-17	6869-6870	-	_	_	_	_	_	_	_	$(	_	-	_	_
39-18	6871-6874	die	_	_	_	_	_	_	_	ART	Nom.Sg.Fem	der	false	_
39-19	6875-6882	Politik	_	_	_	_	_	_	_	NN	Nom.Sg.Fem	Politik	_	_
39-20	6883-6886	der	_	_	_	_	_	_	_	ART	Gen.Sg.Fem	der	false	_
39-21	6887-6892	Neuen	_	_	_	_	_	_	_	ADJA	Pos.Gen.Sg.Fem	neu	_	_
39-22	6893-6898	Mitte	_	_	_	_	_	_	_	NN	Gen.Sg.Fem	Mitte	_	_
39-23	6899-6900	.	_	_	_	_	_	_	_	$.	_	.	_	_

40-1	6903-6906	Wir	_	_	_	_	_	_	_	PPER	1.Nom.Pl.*	wir	_	_
40-2	6907-6913	wissen	_	_	_	_	_	_	_	VVFIN	1.Pl.Pres.Ind	wissen	_	_
40-3	6914-6915	,	_	_	_	_	_	_	_	$,	_	,	_	_
40-4	6916-6920	dass	_	_	_	_	_	_	_	KOUS	_	dass	false	_
40-5	6921-6924	das	_	_	_	_	_	_	_	ART	Nom.Sg.Neut	der	false	_
40-6	6925-6933	Beispiel	_	_	_	_	_	_	_	NN	Nom.Sg.Neut	Beispiel	_	_
40-7	6934-6941	Amerika	_	_	_	_	_	_	_	NE	Nom.Sg.Neut	Amerika	_	_
40-8	6942-6947	immer	_	_	_	_	_	_	_	ADV	_	immer	_	_
40-9	6948-6954	wieder	_	_	_	_	_	_	_	ADV	_	wieder	_	_
40-10	6955-6967	herangezogen	_	_	_	_	_	_	_	VVPP	Psp	heranziehen	_	_
40-11	6968-6972	wird	_	_	_	_	_	_	_	VAFIN	3.Sg.Pres.Ind	werden	_	_
40-12	6973-6974	,	_	_	_	_	_	_	_	$,	_	,	_	_
40-13	6975-6977	um	_	_	_	_	_	_	_	KOUI	_	um	false	_
40-14	6978-6982	eine	_	_	_	_	_	_	_	ART	Acc.Sg.Fem	ein	false	_
40-15	6983-6994	florierende	false	0Kern	true	false	blühend	_	40-18	ADJA	Pos.Acc.Sg.Fem	florierend	_	_
40-16	6995-6998	und	_	_	_	_	_	_	_	KON	_	und	false	_
40-17	6999-7014	funktionierende	_	_	_	_	_	_	_	ADJA	Pos.Acc.Sg.Fem	funktionierend	_	_
40-18	7015-7030	Stiftungskultur	false	5clash	_	_	_	_	_	NN	Acc.Sg.Fem	Stiftungskultur	_	_
40-19	7031-7033	zu	_	_	_	_	_	_	_	PTKZU	_	zu	false	_
40-20	7034-7041	belegen	_	_	_	_	_	_	_	VVINF	Inf	belegen	_	_
40-21	7042-7043	.	_	_	_	_	_	_	_	$.	_	.	_	_

41-1	7046-7049	Das	_	_	_	_	_	_	_	PDS	Acc.Sg.Neut	der	_	_
41-2	7050-7058	brauchen	_	_	_	_	_	_	_	VVFIN	1.Pl.Pres.Ind	brauchen	_	_
41-3	7059-7062	wir	_	_	_	_	_	_	_	PPER	1.Nom.Pl.*	wir	_	_
41-4	7063-7068	nicht	_	_	_	_	_	_	_	PTKNEG	_	nicht	_	_
41-5	7069-7071	im	_	_	_	_	_	_	_	APPRART	Dat.Sg.Neut	in	false	_
41-6	7072-7082	Verhältnis	_	_	_	_	_	_	_	NN	Dat.Sg.Neut	Verhältnis	_	_
41-7	7083-7084	1	_	_	_	_	_	_	_	CARD	_	1	_	_
41-8	7085-7087	zu	_	_	_	_	_	_	_	APPR	_	zu	false	_
41-9	7088-7089	1	_	_	_	_	_	_	_	CARD	_	1	_	_
41-10	7090-7093	auf	_	_	_	_	_	_	_	APPR	_	auf	false	_
41-11	7094-7099	unser	_	_	_	_	_	_	_	PPOSAT	Acc.Sg.Neut	unser	_	_
41-12	7100-7104	Land	_	_	_	_	_	_	_	NN	Acc.Sg.Neut	Land	_	_
41-13	7105-7107	zu	_	_	_	_	_	_	_	PTKZU	_	zu	false	_
41-14	7108-7118	übertragen	_	_	_	_	_	_	_	VVINF	Inf	übertragen	_	_
41-15	7119-7120	;	_	_	_	_	_	_	_	$.	_	;	_	_
41-16	7121-7124	das	_	_	_	_	_	_	_	PDS	Acc.Sg.Neut	der	_	_
41-17	7125-7131	wollen	_	_	_	_	_	_	_	VMFIN	1.Pl.Pres.Ind	wollen	_	_
41-18	7132-7135	und	_	_	_	_	_	_	_	KON	_	und	false	_
41-19	7136-7142	können	_	_	_	_	_	_	_	VMFIN	1.Pl.Pres.Ind	können	_	_
41-20	7143-7146	wir	_	_	_	_	_	_	_	PPER	1.Nom.Pl.*	wir	_	_
41-21	7147-7151	auch	_	_	_	_	_	_	_	ADV	_	auch	_	_
41-22	7152-7157	nicht	_	_	_	_	_	_	_	PTKNEG	_	nicht	_	_
41-23	7158-7159	.	_	_	_	_	_	_	_	$.	_	.	_	_

42-1	7162-7165	Wir	_	_	_	_	_	_	_	PPER	1.Nom.Pl.*	wir	_	_
42-2	7166-7172	dürfen	_	_	_	_	_	_	_	VMFIN	1.Pl.Pres.Ind	dürfen	_	_
42-3	7173-7178	ruhig	_	_	_	_	_	_	_	ADJD	Pos	ruhig	_	_
42-4	7179-7184	davon	_	_	_	_	_	_	_	PROAV	_	davon	_	_
42-5	7185-7193	ausgehen	_	_	_	_	_	_	_	VVINF	Inf	ausgehen	_	_
42-6	7194-7195	,	_	_	_	_	_	_	_	$,	_	,	_	_
42-7	7196-7200	dass	_	_	_	_	_	_	_	KOUS	_	dass	false	_
42-8	7201-7205	sich	_	_	_	_	_	_	_	PRF	3.Acc.Pl	sich	_	_
42-9	7206-7209	die	_	_	_	_	_	_	_	ART	Nom.Pl.Neut	der	false	_
42-10	7210-7214	über	_	_	_	_	_	_	_	APPR	_	über	false	_
42-11	7215-7225	Jahrzehnte	_	_	_	_	_	_	_	NN	Acc.Pl.Neut	Jahrzehnt	_	_
42-12	7226-7227	,	_	_	_	_	_	_	_	$,	_	,	_	_
42-13	7228-7235	genauer	_	_	_	_	_	_	_	ADJD	Comp	genau	_	_
42-14	7236-7242	gesagt	_	_	_	_	_	_	_	VVPP	Psp	sagen	_	_
42-15	7243-7244	:	_	_	_	_	_	_	_	$.	_	:	_	_
42-16	7245-7249	über	_	_	_	_	_	_	_	APPR	_	über	false	_
42-17	7250-7257	mehrere	_	_	_	_	_	_	_	PIAT	Acc.Pl.Neut	mehrere	_	_
42-18	7258-7270	Jahrhunderte	_	_	_	_	_	_	_	NN	Acc.Pl.Neut	Jahrhundert	_	_
42-19	7271-7282	gewachsenen	_	_	_	_	_	_	_	ADJA	Pos.Acc.Pl.Fem	gewachsen	_	_
42-20	7283-7293	Strukturen	_	_	_	_	_	_	_	NN	Acc.Pl.Fem	Struktur	_	_
42-21	7294-7297	der	_	_	_	_	_	_	_	ART	Gen.Sg.Fem	der	false	_
42-22	7298-7312	Interdependenz	_	_	_	_	_	_	_	NN	Gen.Sg.Fem	Interdependenz	_	_
42-23	7313-7316	von	_	_	_	_	_	_	_	APPR	_	von	false	_
42-24	7317-7322	Staat	_	_	_	_	_	_	_	NN	Dat.Sg.Masc	Staat	_	_
42-25	7323-7326	und	_	_	_	_	_	_	_	KON	_	und	false	_
42-26	7327-7334	Künsten	_	_	_	_	_	_	_	NN	Dat.Pl.Fem	Kunst	_	_
42-27	7335-7338	cum	_	_	_	_	_	_	_	APPRART	Dat.Sg.Masc	cu	false	_
42-28	7339-7344	grano	_	_	_	_	_	_	_	ADV	_	grano	_	_
42-29	7345-7350	salis	_	_	_	_	_	_	_	ADJD	Pos	salis	_	_
42-30	7351-7358	bewährt	_	_	_	_	_	_	_	VVPP	Psp	bewähren	_	_
42-31	7359-7364	haben	_	_	_	_	_	_	_	VAFIN	3.Pl.Pres.Ind	haben	_	false
42-32	7365-7366	.	_	_	_	_	_	_	_	$.	_	.	_	_

43-1	7369-7371	In	_	_	_	_	_	_	_	APPR	_	in	false	_
43-2	7372-7383	Deutschland	_	_	_	_	_	_	_	NE	Dat.Sg.Neut	Deutschland	_	_
43-3	7384-7390	werden	_	_	_	_	_	_	_	VAFIN	3.Pl.Pres.Ind	werden	_	_
43-4	7391-7399	jährlich	_	_	_	_	_	_	_	ADJD	Pos	jährlich	_	_
43-5	7400-7408	ungefähr	_	_	_	_	_	_	_	ADJD	Pos	ungefähr	_	_
43-6	7409-7411	17	_	_	_	_	_	_	_	CARD	_	17	_	_
43-7	7412-7422	Milliarden	_	_	_	_	_	_	_	NN	Nom.Pl.Fem	Milliarde	_	_
43-8	7423-7425	DM	_	_	_	_	_	_	_	NN	*.*.Fem	DM	_	_
43-9	7426-7429	auf	_	_	_	_	_	_	_	APPR	_	auf	false	_
43-10	7430-7440	kommunaler	_	_	_	_	_	_	_	ADJA	Pos.Dat.Sg.Fem	kommunal	_	_
43-11	7441-7442	,	_	_	_	_	_	_	_	$,	_	,	_	_
43-12	7443-7446	auf	_	_	_	_	_	_	_	APPR	_	auf	false	_
43-13	7447-7453	Landes	_	_	_	_	_	_	_	NN	Gen.Sg.Neut	Land	_	_
43-14	7454-7455	-	_	_	_	_	_	_	_	$(	_	-	_	_
43-15	7456-7459	und	_	_	_	_	_	_	_	KON	_	und	false	_
43-16	7460-7463	auf	_	_	_	_	_	_	_	APPR	_	auf	false	_
43-17	7464-7475	Bundesebene	_	_	_	_	_	_	_	NN	Dat.Sg.Fem	Bundesebene	_	_
43-18	7476-7479	zur	_	_	_	_	_	_	_	APPRART	Dat.Sg.Fem	zu	false	_
43-19	7480-7489	Förderung	_	_	_	_	_	_	_	NN	Dat.Sg.Fem	Förderung	_	_
43-20	7490-7493	der	_	_	_	_	_	_	_	ART	Gen.Pl.Fem	der	false	_
43-21	7494-7500	Künste	_	_	_	_	_	_	_	NN	Gen.Pl.Fem	Kunst	_	_
43-22	7501-7511	ausgegeben	_	_	_	_	_	_	_	VVPP	Psp	ausgeben	_	_
43-23	7512-7513	.	_	_	_	_	_	_	_	$.	_	.	_	_

44-1	7516-7518	In	_	_	_	_	_	_	_	APPR	_	in	false	_
44-2	7519-7522	den	_	_	_	_	_	_	_	ART	Dat.Pl.Masc	der	false	_
44-3	7523-7534	Vereinigten	_	_	_	_	_	_	_	ADJA	Pos.Dat.Pl.Masc	vereinigt	_	_
44-4	7535-7542	Staaten	_	_	_	_	_	_	_	NN	Dat.Pl.Masc	Staat	_	_
44-5	7543-7547	sind	_	_	_	_	_	_	_	VAFIN	3.Pl.Pres.Ind	sein	_	_
44-6	7548-7550	es	_	_	_	_	_	_	_	PPER	3.Nom.Sg.Neut	es	_	_
44-7	7551-7567	staatlicherseits	_	_	_	_	_	_	_	ADV	_	staatlicherseits	_	_
44-8	7568-7571	800	_	_	_	_	_	_	_	CARD	_	800	_	_
44-9	7572-7581	Millionen	_	_	_	_	_	_	_	NN	Nom.Pl.Fem	Million	_	_
44-10	7582-7584	DM	_	_	_	_	_	_	_	NN	*.*.Fem	DM	_	_
44-11	7585-7586	,	_	_	_	_	_	_	_	$,	_	,	_	_
44-12	7587-7590	und	_	_	_	_	_	_	_	KON	_	und	false	_
44-13	7591-7594	das	_	_	_	_	_	_	_	PDS	Nom.Sg.Neut	der	_	_
44-14	7595-7605	angesichts	_	_	_	_	_	_	_	APPR	_	angesichts	false	_
44-15	7606-7611	eines	_	_	_	_	_	_	_	ART	Gen.Sg.Neut	ein	false	_
44-16	7612-7614	so	_	_	_	_	_	_	_	ADV	_	so	_	_
44-17	7615-7623	riesigen	_	_	_	_	_	_	_	ADJA	Pos.Gen.Sg.Neut	riesig	_	_
44-18	7624-7630	Landes	_	_	_	_	_	_	_	NN	Gen.Sg.Neut	Land	_	_
44-19	7631-7632	.	_	_	_	_	_	_	_	$.	_	.	_	_

45-1	7635-7645	Allerdings	_	_	_	_	_	_	_	ADV	_	allerdings	_	_
45-2	7646-7658	unterstützen	_	_	_	_	_	_	_	VVFIN	3.Pl.Pres.Ind	unterstützen	_	_
45-3	7659-7662	und	_	_	_	_	_	_	_	KON	_	und	false	_
45-4	7663-7674	finanzieren	_	_	_	_	_	_	_	VVFIN	3.Pl.Pres.Ind	finanzieren	_	_
45-5	7675-7678	die	_	_	_	_	_	_	_	ART	Nom.Pl.Fem	der	false	_
45-6	7679-7689	Stiftungen	_	_	_	_	_	_	_	NN	Nom.Pl.Fem	Stiftung	_	_
45-7	7690-7692	in	_	_	_	_	_	_	_	APPR	_	in	false	_
45-8	7693-7700	Amerika	_	_	_	_	_	_	_	NE	Dat.Sg.Neut	Amerika	_	_
45-9	7701-7703	de	_	_	_	_	_	_	_	NE	*.*.*	de	_	_
45-10	7704-7709	facto	_	_	_	_	_	_	_	FM	_	facto	_	_
45-11	7710-7714	über	_	_	_	_	_	_	_	ADV	_	über	_	_
45-12	7715-7717	90	_	_	_	_	_	_	_	CARD	_	90	_	_
45-13	7718-7725	Prozent	_	_	_	_	_	_	_	NN	*.*.Neut	Prozent	_	_
45-14	7726-7729	des	_	_	_	_	_	_	_	ART	Gen.Sg.Neut	der	false	_
45-15	7730-7741	kulturellen	_	_	_	_	_	_	_	ADJA	Pos.Gen.Sg.Neut	kulturell	_	_
45-16	7742-7748	Lebens	_	_	_	_	_	_	_	NN	Gen.Sg.Neut	Leben	_	_
45-17	7749-7750	.	_	_	_	_	_	_	_	$.	_	.	_	_

46-1	7753-7756	Das	_	_	_	_	_	_	_	PDS	Nom.Sg.Neut	der	_	_
46-2	7757-7760	ist	_	_	_	_	_	_	_	VAFIN	3.Sg.Pres.Ind	sein	_	_
46-3	7761-7766	etwas	_	_	_	_	_	_	_	PIS	*.*.Neut	etwas	_	_
46-4	7767-7768	,	_	_	_	_	_	_	_	$,	_	,	_	_
46-5	7769-7772	was	_	_	_	_	_	_	_	PRELS	Acc.Sg.Neut	wer	_	_
46-6	7773-7776	wir	_	_	_	_	_	_	_	PPER	1.Nom.Pl.*	wir	_	_
46-7	7777-7780	für	_	_	_	_	_	_	_	APPR	_	für	false	_
46-8	7781-7784	uns	_	_	_	_	_	_	_	PPER	1.Acc.Pl.*	uns	_	_
46-9	7785-7790	nicht	_	_	_	_	_	_	_	PTKNEG	_	nicht	_	_
46-10	7791-7800	unbedingt	_	_	_	_	_	_	_	ADJD	Pos	unbedingt	_	_
46-11	7801-7810	anstreben	_	_	_	_	_	_	_	VVINF	Inf	anstreben	_	_
46-12	7811-7817	wollen	_	_	_	_	_	_	_	VMFIN	1.Pl.Pres.Ind	wollen	_	_
46-13	7818-7821	und	_	_	_	_	_	_	_	KON	_	und	false	_
46-14	7822-7826	auch	_	_	_	_	_	_	_	ADV	_	auch	_	_
46-15	7827-7832	nicht	_	_	_	_	_	_	_	PTKNEG	_	nicht	_	_
46-16	7833-7839	können	_	_	_	_	_	_	_	VMFIN	1.Pl.Pres.Ind	können	_	_
46-17	7840-7841	.	_	_	_	_	_	_	_	$.	_	.	_	_

47-1	7844-7846	Es	_	_	_	_	_	_	_	PPER	3.Nom.Sg.Neut	es	_	_
47-2	7847-7850	ist	_	_	_	_	_	_	_	VAFIN	3.Sg.Pres.Ind	sein	_	_
47-3	7851-7857	gerade	_	_	_	_	_	_	_	ADV	_	gerade	_	_
47-4	7858-7864	dieses	_	_	_	_	_	_	_	PDAT	Nom.Sg.Neut	dieser	_	_
47-5	7865-7878	Nebeneinander	_	_	_	_	_	_	_	NN	Nom.Sg.Neut	Nebeneinander	_	_
47-6	7879-7882	von	_	_	_	_	_	_	_	APPR	_	von	false	_
47-7	7883-7894	staatlicher	_	_	_	_	_	_	_	ADJA	Pos.Dat.Sg.Fem	staatlich	_	_
47-8	7895-7898	und	_	_	_	_	_	_	_	KON	_	und	false	_
47-9	7899-7900	,	_	_	_	_	_	_	_	$,	_	,	_	_
47-10	7901-7903	so	_	_	_	_	_	_	_	ADV	_	so	_	_
47-11	7904-7909	hoffe	_	_	_	_	_	_	_	VVFIN	1.Sg.Pres.Ind	hoffen	_	_
47-12	7910-7913	ich	_	_	_	_	_	_	_	PPER	1.Nom.Sg.*	ich	_	_
47-13	7914-7915	,	_	_	_	_	_	_	_	$,	_	,	_	_
47-14	7916-7918	in	_	_	_	_	_	_	_	APPR	_	in	false	_
47-15	7919-7926	Zukunft	_	_	_	_	_	_	_	NN	Dat.Sg.Fem	Zukunft	_	_
47-16	7927-7931	auch	_	_	_	_	_	_	_	ADV	_	auch	_	_
47-17	7932-7940	privater	_	_	_	_	_	_	_	ADJA	Pos.Dat.Sg.Fem	privat	_	_
47-18	7941-7950	Förderung	_	_	_	_	_	_	_	NN	Dat.Sg.Fem	Förderung	_	_
47-19	7951-7952	,	_	_	_	_	_	_	_	$,	_	,	_	_
47-20	7953-7956	die	_	_	_	_	_	_	_	PRELS	Nom.Sg.Fem	der	_	_
47-21	7957-7961	eine	_	_	_	_	_	_	_	ART	Acc.Sg.Fem	ein	false	_
47-22	7962-7970	Mischung	_	_	_	_	_	_	_	NN	Acc.Sg.Fem	Mischung	_	_
47-23	7971-7974	der	_	_	_	_	_	_	_	ART	Gen.Sg.Fem	der	false	_
47-24	7975-7987	Finanzierung	_	_	_	_	_	_	_	NN	Gen.Sg.Fem	Finanzierung	_	_
47-25	7988-7991	der	_	_	_	_	_	_	_	ART	Gen.Pl.Fem	der	false	_
47-26	7992-7998	Künste	_	_	_	_	_	_	_	NN	Gen.Pl.Fem	Kunst	_	_
47-27	7999-8007	erlauben	_	_	_	_	_	_	_	VVINF	Inf	erlauben	_	_
47-28	8008-8012	wird	_	_	_	_	_	_	_	VAFIN	3.Sg.Pres.Ind	werden	_	_
47-29	8013-8014	,	_	_	_	_	_	_	_	$,	_	,	_	_
47-30	8015-8018	die	_	_	_	_	_	_	_	PRELS	Nom.Sg.Fem	der	_	_
47-31	8019-8022	die	_	_	_	_	_	_	_	ART	Acc.Pl.Fem	der	false	_
47-32	8023-8029	Künste	_	_	_	_	_	_	_	NN	Acc.Pl.Fem	Kunst	_	_
47-33	8030-8036	freier	_	_	_	_	_	_	_	ADJD	Comp	frei	_	_
47-34	8037-8040	von	_	_	_	_	_	_	_	APPR	_	von	false	_
47-35	8041-8052	staatlicher	_	_	_	_	_	_	_	ADJA	Pos.Dat.Sg.Fem	staatlich	_	_
47-36	8053-8066	Einflussnahme	_	_	_	_	_	_	_	NN	Dat.Sg.Fem	Einflussnahme	_	_
47-37	8067-8073	machen	_	_	_	_	_	_	_	VVINF	Inf	machen	_	false
47-38	8074-8078	wird	_	_	_	_	_	_	_	VAFIN	3.Sg.Pres.Ind	werden	_	_
47-39	8079-8082	und	_	_	_	_	_	_	_	KON	_	und	false	_
47-40	8083-8095	gleichzeitig	_	_	_	_	_	_	_	ADJD	Pos	gleichzeitig	_	_
47-41	8096-8099	die	_	_	_	_	_	_	_	ART	Acc.Pl.Fem	der	false	_
47-42	8100-8111	gewachsenen	_	_	_	_	_	_	_	ADJA	Pos.Acc.Pl.Fem	gewachsen	_	_
47-43	8112-8122	Strukturen	_	_	_	_	_	_	_	NN	Acc.Pl.Fem	Struktur	_	_
47-44	8123-8128	nicht	_	_	_	_	_	_	_	PTKNEG	_	nicht	_	_
47-45	8129-8138	gefährdet	_	_	_	_	_	_	_	VVFIN	3.Sg.Pres.Ind	gefährden	_	_
47-46	8139-8140	.	_	_	_	_	_	_	_	$.	_	.	_	_

48-1	8143-8149	Lassen	_	_	_	_	_	_	_	VVIMP	3.Pl.Pres.Ind	lassen	_	_
48-2	8150-8153	Sie	_	_	_	_	_	_	_	PPER	3.Nom.Pl.*	sie	_	_
48-3	8154-8158	mich	_	_	_	_	_	_	_	PPER	1.Acc.Sg.*	mich	_	_
48-4	8159-8162	die	_	_	_	_	_	_	_	ART	Acc.Sg.Fem	der	false	_
48-5	8163-8174	Gelegenheit	_	_	_	_	_	_	_	NN	Acc.Sg.Fem	Gelegenheit	_	_
48-6	8175-8185	wahrnehmen	_	_	_	_	_	_	_	VVINF	Inf	wahrnehmen	_	_
48-7	8186-8187	,	_	_	_	_	_	_	_	$,	_	,	_	_
48-8	8188-8194	darauf	_	_	_	_	_	_	_	PROAV	_	darauf	_	_
48-9	8195-8206	hinzuweisen	_	_	_	_	_	_	_	VVIZU	Infzu	hinweisen	_	_
48-10	8207-8208	,	_	_	_	_	_	_	_	$,	_	,	_	_
48-11	8209-8213	dass	_	_	_	_	_	_	_	KOUS	_	dass	false	_
48-12	8214-8217	ich	_	_	_	_	_	_	_	PPER	1.Nom.Sg.*	ich	_	_
48-13	8218-8221	mir	_	_	_	_	_	_	_	PRF	1.Dat.Sg	sich	_	_
48-14	8222-8229	wünsche	_	_	_	_	_	_	_	VVFIN	1.Sg.Pres.Ind	wünschen	_	_
48-15	8230-8231	-	_	_	_	_	_	_	_	$(	_	-	_	_
48-16	8232-8235	das	_	_	_	_	_	_	_	PDS	Nom.Sg.Neut	der	_	_
48-17	8236-8244	wünschen	_	_	_	_	_	_	_	VVFIN	1.Pl.Pres.Ind	wünschen	_	_
48-18	8245-8253	übrigens	_	_	_	_	_	_	_	ADV	_	übrigens	_	_
48-19	8254-8260	ebenso	_	_	_	_	_	_	_	ADV	_	ebenso	_	_
48-20	8261-8264	die	_	_	_	_	_	_	_	ART	Nom.Pl.Fem	der	false	_
48-21	8265-8275	Stiftungen	_	_	_	_	_	_	_	NN	Nom.Pl.Fem	Stiftung	_	_
48-22	8276-8277	,	_	_	_	_	_	_	_	$,	_	,	_	_
48-23	8278-8280	im	_	_	_	_	_	_	_	APPRART	Dat.Sg.Masc	in	false	_
48-24	8281-8287	Grunde	_	_	_	_	_	_	_	NN	Dat.Sg.Masc	Grund	_	_
48-25	8288-8296	genommen	_	_	_	_	_	_	_	VVFIN	1.Pl.Pres.Ind	genommen	_	_
48-26	8297-8300	wir	_	_	_	_	_	_	_	PPER	1.Nom.Pl.*	wir	_	_
48-27	8301-8305	alle	_	_	_	_	_	_	_	PIS	Nom.Pl.*	alle	_	_
48-28	8306-8310	hier	_	_	_	_	_	_	_	ADV	_	hier	_	_
48-29	8311-8313	im	_	_	_	_	_	_	_	APPRART	Dat.Sg.Neut	in	false	_
48-30	8314-8323	Parlament	_	_	_	_	_	_	_	NN	Dat.Sg.Neut	Parlament	_	_
48-31	8324-8327	und	_	_	_	_	_	_	_	KON	_	und	false	_
48-32	8328-8332	auch	_	_	_	_	_	_	_	ADV	_	auch	_	_
48-33	8333-8336	die	_	_	_	_	_	_	_	ART	Acc.Pl.Masc	der	false	_
48-34	8337-8349	Journalisten	_	_	_	_	_	_	_	NN	Acc.Pl.Masc	Journalist	_	_
48-35	8350-8351	-	_	_	_	_	_	_	_	$(	_	-	_	_
48-36	8352-8353	,	_	_	_	_	_	_	_	$,	_	,	_	_
48-37	8354-8358	dass	_	_	_	_	_	_	_	KOUS	_	dass	false	_
48-38	8359-8362	wir	_	_	_	_	_	_	_	PPER	1.Nom.Pl.*	wir	_	_
48-39	8363-8365	im	_	_	_	_	_	_	_	APPRART	Dat.Sg.Masc	in	false	_
48-40	8366-8372	Rahmen	_	_	_	_	_	_	_	NN	Dat.Sg.Masc	Rahmen	_	_
48-41	8373-8376	der	_	_	_	_	_	_	_	ART	Gen.Sg.Fem	der	false	_
48-42	8377-8382	neuen	_	_	_	_	_	_	_	ADJA	Pos.Gen.Sg.Fem	neu	_	_
48-43	8383-8395	Gesetzgebung	_	_	_	_	_	_	_	NN	Gen.Sg.Fem	Gesetzgebung	_	_
48-44	8396-8400	noch	_	_	_	_	_	_	_	ADV	_	noch	_	_
48-45	8401-8406	etwas	_	_	_	_	_	_	_	PIAT	*.*.*	etwas	_	_
48-46	8407-8414	anderes	_	_	_	_	_	_	_	PIS	Acc.Sg.Neut	anderer	_	_
48-47	8415-8424	verändern	_	_	_	_	_	_	_	VVFIN	1.Pl.Pres.Ind	verändern	_	_
48-48	8425-8426	.	_	_	_	_	_	_	_	$.	_	.	_	_

49-1	8429-8431	Es	_	_	_	_	_	_	_	PPER	3.Nom.Sg.Neut	es	_	_
49-2	8432-8436	gibt	_	_	_	_	_	_	_	VVFIN	3.Sg.Pres.Ind	geben	_	false
49-3	8437-8441	noch	_	_	_	_	_	_	_	ADV	_	noch	_	_
49-4	8442-8447	immer	_	_	_	_	_	_	_	ADV	_	immer	_	_
49-5	8448-8451	den	_	_	_	_	_	_	_	ART	Acc.Sg.Masc	der	false	_
49-6	8452-8466	überraschenden	_	_	_	_	_	_	_	ADJA	Pos.Acc.Sg.Masc	überraschend	_	_
49-7	8467-8478	Sachverhalt	_	_	_	_	_	_	_	NN	Acc.Sg.Masc	Sachverhalt	_	_
49-8	8479-8480	,	_	_	_	_	_	_	_	$,	_	,	_	_
49-9	8481-8485	dass	_	_	_	_	_	_	_	KOUS	_	dass	false	_
49-10	8486-8488	in	_	_	_	_	_	_	_	APPR	_	in	false	_
49-11	8489-8495	diesem	_	_	_	_	_	_	_	PDAT	Dat.Sg.Neut	dieser	_	_
49-12	8496-8510	protestantisch	_	_	_	_	_	_	_	ADJD	Pos	protestantisch	_	_
49-13	8511-8520	geprägten	_	_	_	_	_	_	_	ADJA	Pos.Dat.Sg.Neut	geprägt	_	_
49-14	8521-8522	,	_	_	_	_	_	_	_	$,	_	,	_	_
49-15	8523-8535	bescheidenen	_	_	_	_	_	_	_	ADJA	Pos.Dat.Sg.Neut	bescheiden	_	_
49-16	8536-8542	Milieu	_	_	_	_	_	_	_	NN	Dat.Sg.Neut	Milieu	_	_
49-17	8543-8546	der	_	_	_	_	_	_	_	ART	Gen.Pl.Masc	der	false	_
49-18	8547-8555	Schenker	_	_	_	_	_	_	_	NN	Gen.Pl.Masc	Schenker	_	_
49-19	8556-8559	und	_	_	_	_	_	_	_	KON	_	und	false	_
49-20	8560-8567	Stifter	_	_	_	_	_	_	_	NN	Gen.Pl.Masc	Stifter	_	_
49-21	8568-8572	eine	_	_	_	_	_	_	_	ART	Nom.Sg.Fem	ein	false	_
49-22	8573-8580	gewisse	_	_	_	_	_	_	_	ADJA	Pos.Acc.Sg.Fem	gewiß	_	_
49-23	8581-8594	Zurückhaltung	_	_	_	_	_	_	_	NN	Acc.Sg.Fem	Zurückhaltung	_	_
49-24	8595-8602	besteht	_	_	_	_	_	_	_	VVFIN	3.Sg.Pres.Ind	bestehen	_	_
49-25	8603-8604	,	_	_	_	_	_	_	_	$,	_	,	_	_
49-26	8605-8609	wenn	_	_	_	_	_	_	_	KOUS	_	wenn	false	_
49-27	8610-8612	es	_	_	_	_	_	_	_	PPER	3.Nom.Sg.Neut	es	_	_
49-28	8613-8619	darauf	_	_	_	_	_	_	_	PROAV	_	darauf	_	_
49-29	8620-8627	ankommt	_	_	_	_	_	_	_	VVFIN	3.Sg.Pres.Ind	ankommen	_	_
49-30	8628-8629	,	_	_	_	_	_	_	_	$,	_	,	_	_
49-31	8630-8633	die	_	_	_	_	_	_	_	ART	Acc.Sg.Fem	der	false	_
49-32	8634-8640	eigene	_	_	_	_	_	_	_	ADJA	Pos.Acc.Sg.Fem	eigen	_	_
49-33	8641-8649	Leistung	_	_	_	_	_	_	_	NN	Acc.Sg.Fem	Leistung	_	_
49-34	8650-8657	bekannt	_	_	_	_	_	_	_	ADJD	Pos	bekannt	_	_
49-35	8658-8660	zu	_	_	_	_	_	_	_	PTKZU	_	zu	false	_
49-36	8661-8667	machen	_	_	_	_	_	_	_	VVINF	Inf	machen	_	false
49-37	8668-8669	.	_	_	_	_	_	_	_	$.	_	.	_	_

50-1	8672-8676	Aber	_	_	_	_	_	_	_	KON	_	aber	false	_
50-2	8677-8680	ich	_	_	_	_	_	_	_	PPER	1.Nom.Sg.*	ich	_	_
50-3	8681-8686	denke	_	_	_	_	_	_	_	VVFIN	1.Sg.Pres.Ind	denken	_	_
50-4	8687-8688	,	_	_	_	_	_	_	_	$,	_	,	_	_
50-5	8689-8692	wer	_	_	_	_	_	_	_	PWS	Nom.Sg.*	wer	_	_
50-6	8693-8696	dem	_	_	_	_	_	_	_	ART	Dat.Sg.Masc	der	false	_
50-7	8697-8702	Staat	_	_	_	_	_	_	_	NN	Dat.Sg.Masc	Staat	_	_
50-8	8703-8704	,	_	_	_	_	_	_	_	$,	_	,	_	_
50-9	8705-8708	wer	_	_	_	_	_	_	_	PWS	Nom.Sg.Masc	wer	_	_
50-10	8709-8712	den	_	_	_	_	_	_	_	ART	Dat.Pl.Fem	der	false	_
50-11	8713-8720	Künsten	_	_	_	_	_	_	_	NN	Dat.Pl.Fem	Kunst	_	_
50-12	8721-8723	im	_	_	_	_	_	_	_	APPRART	Dat.Sg.Masc	in	false	_
50-13	8724-8729	Staat	_	_	_	_	_	_	_	NN	Dat.Sg.Masc	Staat	_	_
50-14	8730-8731	,	_	_	_	_	_	_	_	$,	_	,	_	_
50-15	8732-8734	in	_	_	_	_	_	_	_	APPR	_	in	false	_
50-16	8735-8738	der	_	_	_	_	_	_	_	ART	Dat.Sg.Fem	der	false	_
50-17	8739-8751	Gesellschaft	_	_	_	_	_	_	_	NN	Dat.Sg.Fem	Gesellschaft	_	_
50-18	8752-8757	durch	_	_	_	_	_	_	_	APPR	_	durch	false	_
50-19	8758-8763	seine	_	_	_	_	_	_	_	PPOSAT	Acc.Pl.Fem	sein	_	_
50-20	8764-8774	Dotationen	_	_	_	_	_	_	_	NN	Acc.Pl.Fem	Dotation	_	_
50-21	8775-8778	und	_	_	_	_	_	_	_	KON	_	und	false	_
50-22	8779-8789	Stiftungen	_	_	_	_	_	_	_	NN	Acc.Pl.Fem	Stiftung	_	_
50-23	8790-8795	unter	false	1synt	_	_	_	_	_	APPR	_	unter	true	_
50-24	8796-8799	die	false	3sonst	_	_	_	_	_	ART	Acc.Pl.Masc	der	true	_
50-25	8800-8804	Arme	false	2sem	_	_	_	_	_	NN	Acc.Pl.Masc	Arm	_	_
50-26	8805-8811	greift	false	0Kern	true	true	in die Hand nehmen, anfassen	*	50-23|50-24|50-25	VVFIN	3.Sg.Pres.Ind	greifen	_	_
50-27	8812-8813	,	_	_	_	_	_	_	_	$,	_	,	_	_
50-28	8814-8820	dessen	_	_	_	_	_	_	_	PRELAT	Nom.Sg.Masc	dessen	_	_
50-29	8821-8825	Name	_	_	_	_	_	_	_	NN	Nom.Sg.Masc	Name	_	_
50-30	8826-8832	sollte	_	_	_	_	_	_	_	VMFIN	3.Sg.Past.Ind	sollen	_	_
50-31	8833-8840	gerühmt	_	_	_	_	_	_	_	VVPP	Psp	rühmen	_	_
50-32	8841-8847	werden	_	_	_	_	_	_	_	VAFIN	3.Pl.Pres.Ind	werden	_	_
50-33	8848-8849	.	_	_	_	_	_	_	_	$.	_	.	_	_

51-1	8852-8854	Er	_	_	_	_	_	_	_	PPER	3.Nom.Sg.Masc	er	_	_
51-2	8855-8861	gehört	_	_	_	_	_	_	_	VVFIN	3.Sg.Pres.Ind	gehören	_	_
51-3	8862-8864	zu	_	_	_	_	_	_	_	APPR	_	zu	false	_
51-4	8865-8868	den	_	_	_	_	_	_	_	ART	Dat.Pl.Masc	der	false	_
51-5	8869-8877	Menschen	_	_	_	_	_	_	_	NN	Dat.Pl.Masc	Mensch	_	_
51-6	8878-8879	,	_	_	_	_	_	_	_	$,	_	,	_	_
51-7	8880-8883	die	_	_	_	_	_	_	_	PRELS	Nom.Pl.Masc	der	_	_
51-8	8884-8887	den	_	_	_	_	_	_	_	ART	Acc.Sg.Masc	der	false	_
51-9	8888-8893	alten	_	_	_	_	_	_	_	ADJA	Pos.Acc.Sg.Masc	alt	_	_
51-10	8894-8910	republikanischen	_	_	_	_	_	_	_	ADJA	Pos.Acc.Sg.Masc	republikanisch	_	_
51-11	8911-8917	Spruch	_	_	_	_	_	_	_	NN	Acc.Sg.Masc	Spruch	_	_
51-12	8918-8919	"	_	_	_	_	_	_	_	$(	_	"	_	_
51-13	8920-8923	tua	_	_	_	_	_	_	_	FM	_	tua	_	_
51-14	8924-8927	res	_	_	_	_	_	_	_	FM	_	res	_	_
51-15	8928-8934	agitur	_	_	_	_	_	_	_	FM	_	agitur	_	_
51-16	8935-8936	"	_	_	_	_	_	_	_	$(	_	"	_	_
51-17	8937-8944	richtig	_	_	_	_	_	_	_	ADJD	Pos	richtig	_	_
51-18	8945-8959	interpretieren	_	_	_	_	_	_	_	VVFIN	3.Pl.Pres.Ind	interpretieren	_	_
51-19	8960-8961	.	_	_	_	_	_	_	_	$.	_	.	_	_

52-1	8964-8970	Darauf	_	_	_	_	_	_	_	PROAV	_	darauf	_	_
52-2	8971-8976	kommt	_	_	_	_	_	_	_	VVFIN	3.Sg.Pres.Ind	kommen	_	false
52-3	8977-8979	es	_	_	_	_	_	_	_	PPER	3.Nom.Sg.Neut	es	_	_
52-4	8980-8982	an	_	_	_	_	_	_	_	PTKVZ	_	an	false	_
52-5	8983-8984	.	_	_	_	_	_	_	_	$.	_	.	_	_

53-1	8987-8993	Lassen	_	_	_	_	_	_	_	VVFIN	3.Pl.Pres.Ind	lassen	_	_
53-2	8994-8997	Sie	_	_	_	_	_	_	_	PPER	3.Nom.Pl.*	sie	_	_
53-3	8998-9002	mich	_	_	_	_	_	_	_	PPER	1.Acc.Sg.*	mich	_	_
53-4	9003-9006	zum	_	_	_	_	_	_	_	APPRART	Dat.Sg.Masc	zu	false	_
53-5	9007-9016	Abschluss	_	_	_	_	_	_	_	NN	Dat.Sg.Masc	Abschluss	_	_
53-6	9017-9020	auf	_	_	_	_	_	_	_	APPR	_	auf	false	_
53-7	9021-9026	einen	_	_	_	_	_	_	_	ART	Acc.Sg.Masc	ein	false	_
53-8	9027-9034	Stifter	_	_	_	_	_	_	_	NN	Acc.Sg.Masc	Stifter	_	_
53-9	9035-9044	hinweisen	_	_	_	_	_	_	_	VVINF	Inf	hinweisen	_	_
53-10	9045-9046	,	_	_	_	_	_	_	_	$,	_	,	_	_
53-11	9047-9050	den	_	_	_	_	_	_	_	PRELS	Acc.Sg.Masc	der	_	_
53-12	9051-9053	zu	_	_	_	_	_	_	_	PTKZU	_	zu	false	_
53-13	9054-9060	nennen	_	_	_	_	_	_	_	VVINF	Inf	nennen	_	_
53-14	9061-9065	sich	_	_	_	_	_	_	_	PRF	3.Acc.Pl	sich	_	_
53-15	9066-9074	durchaus	_	_	_	_	_	_	_	ADV	_	durchaus	_	_
53-16	9075-9082	gebührt	_	_	_	_	_	_	_	VVPP	Psp	bühren	_	_
53-17	9083-9084	.	_	_	_	_	_	_	_	$.	_	.	_	_

54-1	9087-9089	Er	_	_	_	_	_	_	_	PPER	3.Nom.Sg.Masc	er	_	_
54-2	9090-9095	steht	_	_	_	_	_	_	_	VVFIN	3.Sg.Pres.Ind	stehen	_	false
54-3	9096-9111	stellvertretend	_	_	_	_	_	_	_	ADJD	Pos	stellvertretend	_	_
54-4	9112-9115	für	_	_	_	_	_	_	_	APPR	_	für	false	_
54-5	9116-9121	viele	_	_	_	_	_	_	_	PIAT	Acc.Pl.*	vieler	_	_
54-6	9122-9128	andere	_	_	_	_	_	_	_	PIS	Acc.Pl.*	anderer	_	_
54-7	9129-9130	.	_	_	_	_	_	_	_	$.	_	.	_	_

55-1	9133-9135	Es	_	_	_	_	_	_	_	PPER	3.Nom.Sg.Neut	es	_	_
55-2	9136-9143	braucht	_	_	_	_	_	_	_	VVFIN	3.Sg.Pres.Ind	brauchen	_	_
55-3	9144-9150	Mäzene	_	_	_	_	_	_	_	NN	Acc.Pl.Masc	Mäzen	_	_
55-4	9151-9154	wie	_	_	_	_	_	_	_	KOKOM	_	wie	false	_
55-5	9155-9158	den	_	_	_	_	_	_	_	ART	Acc.Sg.Masc	der	false	_
55-6	9159-9162	vom	_	_	_	_	_	_	_	APPRART	Dat.Sg.Masc	von	false	_
55-7	9163-9180	Bundespräsidenten	_	_	_	_	_	_	_	NN	Dat.Sg.Masc	Bundespräsident	_	_
55-8	9181-9184	mit	_	_	_	_	_	_	_	APPR	_	mit	false	_
55-9	9185-9188	der	_	_	_	_	_	_	_	ART	Dat.Sg.Fem	der	false	_
55-10	9189-9197	Maecenas	_	_	_	_	_	_	_	NE	Gen.Sg.*	Maecena	_	_
55-11	9198-9204	Ehrung	_	_	_	_	_	_	_	NN	Dat.Sg.Fem	Ehrung	_	_
55-12	9205-9208	des	_	_	_	_	_	_	_	ART	Gen.Sg.Masc	der	false	_
55-13	9209-9223	Arbeitskreises	_	_	_	_	_	_	_	NN	Gen.Sg.Masc	Arbeitskreis	_	_
55-14	9224-9239	selbstständiger	_	_	_	_	_	_	_	ADJA	Pos.Gen.Sg.Fem	selbstständig	_	_
55-15	9240-9246	Kultur	_	_	_	_	_	_	_	NN	Gen.Sg.Fem	Kultur	_	_
55-16	9247-9256	Institute	_	_	_	_	_	_	_	NN	Acc.Pl.Neut	Institut	_	_
55-17	9257-9272	ausgezeichneten	_	_	_	_	_	_	_	ADJA	Pos.Acc.Sg.Masc	ausgezeichnet	_	_
55-18	9273-9277	Wolf	_	_	_	_	_	_	_	NE	Nom.Sg.Masc	Wolf	_	_
55-19	9278-9286	Dietrich	_	_	_	_	_	_	_	NE	Nom.Sg.Masc	Dietrich	_	_
55-20	9287-9295	Freiherr	_	_	_	_	_	_	_	NN	Nom.Sg.Masc	Freiherr	_	_
55-21	9296-9301	Speck	_	_	_	_	_	_	_	NN	Nom.Sg.Masc	Speck	_	_
55-22	9302-9305	von	_	_	_	_	_	_	_	APPR	_	von	false	_
55-23	9306-9315	Sternburg	_	_	_	_	_	_	_	NE	Dat.Sg.Neut	Sternburg	_	_
55-24	9316-9317	.	_	_	_	_	_	_	_	$.	_	.	_	_

56-1	9320-9326	Dieser	_	_	_	_	_	_	_	PDS	Nom.Sg.Masc	dieser	_	_
56-2	9327-9334	brachte	_	_	_	_	_	_	_	VVFIN	3.Sg.Past.Ind	bringen	_	false
56-3	9335-9338	die	_	_	_	_	_	_	_	ART	Acc.Sg.Fem	der	false	_
56-4	9339-9341	an	_	_	_	_	_	_	_	APPR	_	an	false	_
56-5	9342-9345	ihn	_	_	_	_	_	_	_	PPER	3.Acc.Sg.Masc	ihn	_	_
56-6	9346-9361	rückübertragene	_	_	_	_	_	_	_	ADJA	Pos.Acc.Sg.Fem	rückübertragen	_	_
56-7	9362-9363	,	_	_	_	_	_	_	_	$,	_	,	_	_
56-8	9364-9366	zu	_	_	_	_	_	_	_	APPR	_	zu	false	_
56-9	9367-9370	DDR	_	_	_	_	_	_	_	NE	Dat.Sg.Fem	DDR	_	_
56-10	9371-9377	Zeiten	_	_	_	_	_	_	_	NN	Acc.Pl.Fem	Zeit	_	_
56-11	9378-9388	enteignete	_	_	_	_	_	_	_	ADJA	Pos.Acc.Sg.Fem	enteignet	_	_
56-12	9389-9404	Gemäldesammlung	_	_	_	_	_	_	_	NN	Acc.Sg.Fem	Gemäldesammlung	_	_
56-13	9405-9408	von	_	_	_	_	_	_	_	APPR	_	von	false	_
56-14	9409-9419	Maximilian	_	_	_	_	_	_	_	NN	Dat.Pl.Fem	Maximilia	_	_
56-15	9420-9425	Speck	_	_	_	_	_	_	_	NN	Dat.Sg.Masc	Speck	_	_
56-16	9426-9429	von	_	_	_	_	_	_	_	APPR	_	von	false	_
56-17	9430-9439	Sternburg	_	_	_	_	_	_	_	NE	Dat.Sg.Neut	Sternburg	_	_
56-18	9440-9441	-	_	_	_	_	_	_	_	$(	_	-	_	_
56-19	9442-9446	rund	_	_	_	_	_	_	_	ADJD	Pos	rund	_	_
56-20	9447-9450	200	_	_	_	_	_	_	_	CARD	_	200	_	_
56-21	9451-9458	Gemälde	_	_	_	_	_	_	_	NN	Acc.Pl.Neut	Gemälde	_	_
56-22	9459-9461	im	_	_	_	_	_	_	_	APPRART	Dat.Sg.Masc	in	false	_
56-23	9462-9466	Wert	_	_	_	_	_	_	_	NN	Dat.Sg.Masc	Wert	_	_
56-24	9467-9470	von	_	_	_	_	_	_	_	APPR	_	von	false	_
56-25	9471-9474	100	_	_	_	_	_	_	_	CARD	_	100	_	_
56-26	9475-9484	Millionen	_	_	_	_	_	_	_	NN	Dat.Pl.Fem	Million	_	_
56-27	9485-9487	DM	_	_	_	_	_	_	_	NN	*.*.Fem	DM	_	_
56-28	9488-9489	-	_	_	_	_	_	_	_	$(	_	-	_	_
56-29	9490-9492	in	_	_	_	_	_	_	_	APPR	_	in	false	_
56-30	9493-9497	eine	_	_	_	_	_	_	_	ART	Acc.Sg.Fem	ein	false	_
56-31	9498-9506	Stiftung	_	_	_	_	_	_	_	NN	Acc.Sg.Fem	Stiftung	_	_
56-32	9507-9510	ein	_	_	_	_	_	_	_	PTKVZ	_	ein	false	_
56-33	9511-9514	und	_	_	_	_	_	_	_	KON	_	und	false	_
56-34	9515-9522	stellte	_	_	_	_	_	_	_	VVFIN	3.Sg.Past.Ind	stellen	_	false
56-35	9523-9526	sie	_	_	_	_	_	_	_	PPER	3.Acc.Sg.Fem	sie	_	_
56-36	9527-9530	als	_	_	_	_	_	_	_	APPR	_	als	false	_
56-37	9531-9544	Dauerleihgabe	_	_	_	_	_	_	_	NN	Acc.Sg.Fem	Dauerleihgabe	_	_
56-38	9545-9548	dem	_	_	_	_	_	_	_	ART	Dat.Sg.Neut	der	false	_
56-39	9549-9555	Museum	_	_	_	_	_	_	_	NN	Dat.Sg.Neut	Museum	_	_
56-40	9556-9559	der	_	_	_	_	_	_	_	ART	Gen.Pl.Fem	der	false	_
56-41	9560-9569	bildenden	_	_	_	_	_	_	_	ADJA	Pos.Gen.Pl.Fem	bildend	_	_
56-42	9570-9576	Künste	_	_	_	_	_	_	_	NN	Gen.Pl.Fem	Kunst	_	_
56-43	9577-9579	in	_	_	_	_	_	_	_	APPR	_	in	false	_
56-44	9580-9587	Leipzig	_	_	_	_	_	_	_	NE	Dat.Sg.Neut	Leipzig	_	_
56-45	9588-9591	zur	_	_	_	_	_	_	_	APPRART	Dat.Sg.Fem	zu	false	_
56-46	9592-9601	Verfügung	_	_	_	_	_	_	_	NN	Dat.Sg.Fem	Verfügung	_	_
56-47	9602-9603	.	_	_	_	_	_	_	_	$.	_	.	_	_

57-1	9606-9609	Vor	_	_	_	_	_	_	_	APPR	_	vor	false	_
57-2	9610-9616	dieser	_	_	_	_	_	_	_	PDAT	Dat.Sg.Fem	dieser	_	_
57-3	9617-9630	mäzenatischen	_	_	_	_	_	_	_	ADJA	Pos.Dat.Sg.Fem	mäzenatisch	_	_
57-4	9631-9639	Leistung	_	_	_	_	_	_	_	NN	Dat.Sg.Fem	Leistung	_	_
57-5	9640-9648	verneige	_	_	_	_	_	_	_	VVFIN	1.Sg.Pres.Ind	verneigen	_	_
57-6	9649-9652	ich	_	_	_	_	_	_	_	PPER	1.Nom.Sg.*	ich	_	_
57-7	9653-9657	mich	_	_	_	_	_	_	_	PRF	1.Acc.Sg	sich	_	_
57-8	9658-9659	.	_	_	_	_	_	_	_	$.	_	.	_	_

58-1	9662-9665	Sie	_	_	_	_	_	_	_	PPER	3.Nom.Sg.Fem	sie	_	_
58-2	9666-9669	ist	_	_	_	_	_	_	_	VAFIN	3.Sg.Pres.Ind	sein	_	_
58-3	9670-9681	vorbildlich	_	_	_	_	_	_	_	ADJD	Pos	vorbildlich	_	_
58-4	9682-9685	für	_	_	_	_	_	_	_	APPR	_	für	false	_
58-5	9686-9690	alle	_	_	_	_	_	_	_	PIAT	Acc.Pl.*	aller	_	_
58-6	9691-9698	anderen	_	_	_	_	_	_	_	PIS	Acc.Pl.*	anderer	_	_
58-7	9699-9700	.	_	_	_	_	_	_	_	$.	_	.	_	_

59-1	9703-9706	Ich	_	_	_	_	_	_	_	PPER	1.Nom.Sg.*	ich	_	_
59-2	9707-9711	gehe	_	_	_	_	_	_	_	VVFIN	1.Sg.Pres.Ind	gehen	_	false
59-3	9712-9717	davon	_	_	_	_	_	_	_	PROAV	_	davon	_	_
59-4	9718-9721	aus	_	_	_	_	_	_	_	PTKVZ	_	aus	false	_
59-5	9722-9723	,	_	_	_	_	_	_	_	$,	_	,	_	_
59-6	9724-9728	dass	_	_	_	_	_	_	_	KOUS	_	dass	false	_
59-7	9729-9732	mit	_	_	_	_	_	_	_	APPR	_	mit	false	_
59-8	9733-9740	unserem	_	_	_	_	_	_	_	PPOSAT	Dat.Sg.Neut	unser	_	_
59-9	9741-9762	Stiftungsreformgesetz	_	_	_	_	_	_	_	NN	Dat.Sg.Neut	Stiftungsreformgesetz	_	_
59-10	9763-9766	der	_	_	_	_	_	_	_	ART	Nom.Sg.Masc	der	false	_
59-11	9767-9772	erste	_	_	_	_	_	_	_	ADJA	Pos.Nom.Sg.Masc	erster	_	_
59-12	9773-9780	Schritt	_	_	_	_	_	_	_	NN	Nom.Sg.Masc	Schritt	_	_
59-13	9781-9785	dazu	_	_	_	_	_	_	_	PROAV	_	dazu	_	_
59-14	9786-9791	getan	_	_	_	_	_	_	_	VVPP	Psp	tun	_	_
59-15	9792-9796	wird	_	_	_	_	_	_	_	VAFIN	3.Sg.Pres.Ind	werden	_	_
59-16	9797-9798	,	_	_	_	_	_	_	_	$,	_	,	_	_
59-17	9799-9803	dass	_	_	_	_	_	_	_	KOUS	_	dass	false	_
59-18	9804-9810	unsere	_	_	_	_	_	_	_	PPOSAT	Nom.Sg.Fem	unser	_	_
59-19	9811-9823	Gesellschaft	_	_	_	_	_	_	_	NN	Nom.Sg.Fem	Gesellschaft	_	_
59-20	9824-9826	in	_	_	_	_	_	_	_	APPR	_	in	false	_
59-21	9827-9832	einem	_	_	_	_	_	_	_	ART	Dat.Sg.Neut	ein	false	_
59-22	9833-9837	weit	_	_	_	_	_	_	_	ADV	_	weit	_	_
59-23	9838-9847	stärkeren	_	_	_	_	_	_	_	ADJA	Comp.Dat.Sg.Neut	stark	_	_
59-24	9848-9852	Maße	_	_	_	_	_	_	_	NN	Dat.Sg.Neut	Maß	_	_
59-25	9853-9854	,	_	_	_	_	_	_	_	$,	_	,	_	_
59-26	9855-9858	als	_	_	_	_	_	_	_	KOKOM	_	als	false	_
59-27	9859-9862	das	_	_	_	_	_	_	_	PDS	Nom.Sg.Neut	der	_	_
59-28	9863-9869	bisher	_	_	_	_	_	_	_	ADV	_	bisher	_	_
59-29	9870-9873	der	_	_	_	_	_	_	_	ART	Nom.Sg.Masc	der	false	_
59-30	9874-9878	Fall	_	_	_	_	_	_	_	NN	Nom.Sg.Masc	Fall	_	_
59-31	9879-9882	ist	_	_	_	_	_	_	_	VAFIN	3.Sg.Pres.Ind	sein	_	_
59-32	9883-9884	,	_	_	_	_	_	_	_	$,	_	,	_	_
59-33	9885-9889	jene	_	_	_	_	_	_	_	PDAT	Acc.Pl.Fem	jener	_	_
59-34	9890-9900	Leistungen	_	_	_	_	_	_	_	NN	Acc.Pl.Fem	Leistung	_	_
59-35	9901-9909	nachahmt	_	_	_	_	_	_	_	VVFIN	3.Sg.Pres.Ind	nachahmen	_	_
59-36	9910-9911	,	_	_	_	_	_	_	_	$,	_	,	_	_
59-37	9912-9915	zum	_	_	_	_	_	_	_	APPRART	Dat.Sg.Masc	zu	false	_
59-38	9916-9921	Wohle	_	_	_	_	_	_	_	NN	Dat.Sg.Neut	Wohle	_	_
59-39	9922-9925	des	_	_	_	_	_	_	_	ART	Gen.Sg.Neut	der	false	_
59-40	9926-9932	ganzen	_	_	_	_	_	_	_	ADJA	Pos.Gen.Sg.Neut	ganz	_	_
59-41	9933-9939	Landes	_	_	_	_	_	_	_	NN	Gen.Sg.Neut	Land	_	_
